ANIO,MES,CONGLOMERADO,MUESTRA,SELVIV,HOGAR,C201,ESTRATO,LLAVE_PANEL,CCDD,AREA_ENCUESTA,C203,C204,C205,C206,C207,C208,C300n,NROINF,C301_DIA,C301_MES,C301_ANIO,C303,C304,C305,C306_1,C306_2,C306_3,C306_4,C306_5,C306_6,C306_7,C306_8,C306_9,C306_10,C306_10A,C306_11,C306A,C308_COD,C309_COD,C310,C311,C312,C313,C317,C317A,C318_1,C318_2,C318_3,C318_4,C318_5,C318_6,C318_7,C318_T,C328_T,whoraT,C330,C331,C333,C334,P209H,C335,C338,C339_1,C341_T,C342,C344,C345_1,C348,C347_T,C350,C352,C353,C354,C355,C356,C357_I,C358,C359,C361_1,C361_2,C361_3,C361_4,C361_5,C361_6,C361_7,C361_8,C362_1,C362_2,C362_3,C362_4,C362_5,C362_6,C362_7,C362_8,C364_1,C365_1,C364_2,C365_2,C364_3,C365_3,C364_4,C365_4,C366,C366_1,C366_2,C375_1,C375_2,C375_3,C375_4,C375_5,C375_6,C376,C377,OCUP300,I339_1,D341_T,I342,D344,I345_1,I348,D347_T,D350,D351_T,INGTOT,INGTOTP,ingtrabw,RESIDENT,Informal_P,FAC300_ANUAL
2022,01,07058,2,0128,1,1,4,202201070582012811,01,1,1,1,2, ,2,21,1,1,26,7,2000,2,2,2,2,2,2,2,2,2,2,2,2,2,2,2, , , , , , , , , , , , , , , , , , , , , , , , , , , , , , , , , , ,1, , , , ,5,4,1,2,2,2,2,1,2,2,2, , , , ,5, , , ,2, ,2, ,2, ,2, ,8,2, ,2,2,2,2,2,2,10,9,2, , , , , , , , , ,0, , ,1, ,2.65310263633728
2022,01,07058,2,0128,1,2,4,202201070582012812,01,1,3,1,2, ,2,4, , , , , , , , , , , , , , , , , , , , , , , , , , , , , , , , , , , , , , , , , , , , , , , , , , , , , , , , , , , , , , , , , , , , , , , , , , , , , , , , , , , , , , , , , , , , , , , , , , , , , , , , , , , ,0, , ,1, , 
2022,01,07058,2,0132,1,1,4,202201070582013211,01,1,1,1,2, ,1,48,1,1,10,9,1973,1, , , , , , , , , , , , , , , ,1114,8412,3,2, , ,5,1950,0,8,8,8,8,8,0,40,5,45,2,50,1,1,1,2,4,4500, , , ,2000, , , , , , , , , , ,1,1,2,2,2,2,2,2,2,1, , , , , , , ,2, ,1,1,2, ,2, ,11,5, ,2,2,2,2,2,2,10,7,1,4500, , , ,2000, , , ,50,6500,4500,6550,1,2,2.31575918197632
2022,01,07058,2,0132,1,2,4,202201070582013212,01,1,2,1,2, ,2,35,2,2,8,3,1986,2,2,2,2,2,2,2,2,2,2,2,2,2,2,2, , , , , , , , , , , , , , , , , , , , , , , , , , , , , , , , , , ,2,5,1,1,2, , ,1,1,2,2,2,2,2,2,2,4, , , , , , , ,1,5,2, ,2, ,2, ,11,5, ,2,2,2,2,2,2,10,7,3, , , , , , , , , ,0, , ,1, ,2.70536160469055
2022,01,07058,2,0132,1,3,4,202201070582013213,01,1,3,1,1, ,1,12, , , , , , , , , , , , , , , , , , , , , , , , , , , , , , , , , , , , , , , , , , , , , , , , , , , , , , , , , , , , , , , , , , , , , , , , , , , , , , , , , , , , , , , , , , , , , , , , , , , , , , , , , , , ,0, , ,0, , 
2022,01,07058,2,0132,1,4,4,202201070582013214,01,1,3,1,2, ,1,3, , , , , , , , , , , , , , , , , , , , , , , , , , , , , , , , , , , , , , , , , , , , , , , , , , , , , , , , , , , , , , , , , , , , , , , , , , , , , , , , , , , , , , , , , , , , , , , , , , , , , , , , , , , ,0, , ,1, , 
2022,01,07058,2,0133,1,1,4,202201070582013311,01,1,1,1,2, ,2,56,1,1,22,12,1965,1, , , , , , , , , , , , , , , ,5212,4711,2, ,2,2,1,2,0,14,12,10,14,10,0,60, ,60,1, ,2, ,2,2, , , , , , , , , , , , , , , , ,1,2,2,2,2,1,2,2,2, , , , ,5, , , ,2, ,2, ,2, ,2, ,6,5, ,2,2,2,2,2,2,10,1,1, , ,360,600, , , , , ,960,960,960,1,2,2.01087927818298
2022,01,07058,2,0133,1,2,4,202201070582013314,01,1,3,1,1, ,2,27, , , , , , , , , , , , , , , , , , , , , , , , , , , , , , , , , , , , , , , , , , , , , , , , , , , , , , , , , , , , , , , , , , , , , , , , , , , , , , , , , , , , , , , , , , , , , , , , , , , , , , , , , , , ,0, , ,0, , 
2022,01,07062,1,0025,1,1,4,202201070621002511,01,1,1,1,2, ,1,32,1,1,6,5,1989,1, , , , , , , , , , , , , , , ,6112,0127,2, ,3,2,1,1,0,8,0,8,0,0,0,16, ,16,2,32,2, ,2,2, , , , , , , , , , , , , , , , ,1,2,2,2,2,1,2,2,2, , , , ,5, , , ,2, ,2, ,2, ,2, ,1, , ,2,2,2,2,2,2,10,7,1, , ,992,125, , , , , ,1117,1117,1117,1,1,5.40322399139404
2022,01,07062,1,0025,1,2,4,202201070621002512,01,1,2,1,2, ,2,32,2,2,26,4,1989,2,2,2,2,2,2,2,2,2,2,2,2,2,2,2, , , , , , , , , , , , , , , , , , , , , , , , , , , , , , , , , , ,2,5,2, , , , ,1,2,2,2,2,1,2,2,2, , , , ,5, , , ,2, ,2, ,2, ,2, ,6,5, ,2,2,2,2,2,2,10,7,4, , , , , , , , , ,0, , ,1, ,3.98485493659973
2022,01,07062,1,0025,1,3,4,202201070621002513,01,1,3,1,2, ,2,11, , , , , , , , , , , , , , , , , , , , , , , , , , , , , , , , , , , , , , , , , , , , , , , , , , , , , , , , , , , , , , , , , , , , , , , , , , , , , , , , , , , , , , , , , , , , , , , , , , , , , , , , , , , ,0, , ,1, , 
2022,01,07062,1,0025,1,4,4,202201070621002514,01,1,3,1,2, ,2,7, , , , , , , , , , , , , , , , , , , , , , , , , , , , , , , , , , , , , , , , , , , , , , , , , , , , , , , , , , , , , , , , , , , , , , , , , , , , , , , , , , , , , , , , , , , , , , , , , , , , , , , , , , , ,0, , ,1, , 
2022,01,07062,20,0085,1,1,4,2022010706220008511,01,1,1,1,2, ,1,43,1,1,30,10,1978,1, , , , , , , , , , , , , , , ,0220,8423,3,1, , , , ,0,0,0,0,8,10,8,26, ,26,2,65,2, ,2,2,4,3350, , , , , , , , , , , , , , ,1,2,2,2,1,2,2,2,2, , , ,1, , , , ,2, ,2, ,2, ,1,1,11,5, ,2,2,2,2,2,2,10,7,1,3350, , , , , , , ,83,3350,3350,3433,1,2,4.1074390411377
2022,01,07062,20,0085,1,2,4,2022010706220008512,01,1,2,1,2, ,2,30,2,2,14,10,1991,2,2,2,2,2,2,2,2,2,2,2,2,2,2,2, , , , , , , , , , , , , , , , , , , , , , , , , , , , , , , , , , ,2,5,2, , , , ,1,2,2,2,1,2,2,2,2, , , ,4, , , , ,2, ,2, ,2, ,2, ,6,5, ,2,2,2,2,2,2,10,7,4, , , , , , , , , ,0, , ,1, ,3.98485493659973
2022,01,07062,20,0085,1,3,4,2022010706220008513,01,1,3,1,2, ,1,9, , , , , , , , , , , , , , , , , , , , , , , , , , , , , , , , , , , , , , , , , , , , , , , , , , , , , , , , , , , , , , , , , , , , , , , , , , , , , , , , , , , , , , , , , , , , , , , , , , , , , , , , , , , ,0, , ,1, , 
2022,01,0706402,1,0002,1,1,4,20220107064021000211,01,1,1,1,2, ,2,91,1,1,17,11,1930,2,2,2,2,2,2,2,2,2,2,2,2,2,2,2, , , , , , , , , , , , , , , , , , , , , , , , , , , , , , , , , , ,2,5,2, , , , ,1,2,2,2,2,1,2,2,2, , , , ,5, , , ,2, ,2, ,2, ,2, ,1, , ,2,2,2,1,1,1,10,9,4, , , , , , , , , ,0, , ,1, ,3.38899898529053
2022,01,0706402,1,0070,1,1,4,20220107064021007011,01,1,1,1,2, ,1,30,1,1,31,8,1991,1, , , , , , , , , , , , , , , ,7128,4330,1, ,3,2,1,2,0,9,9,8,9,8,6,49, ,49,1, ,1,1,1,2, , , , , , , , , , , , , , , , ,1,2,2,2,2,1,2,2,2, , , , ,5, , , ,1,5,2, ,2, ,2, ,11,5, ,2,2,2,2,2,2,10,7,1, , ,2165, , , , , , ,2165,2165,2165,1,1,5.69782304763794
2022,01,0706402,1,0070,1,2,4,20220107064021007012,01,1,2,1,2, ,2,37,2,2,18,12,1984,2,1, , , , , , , , , , , , , , ,4131,8411,3,2, , ,5,9998,0,0,0,0,0,0,0,0, ,40,2,40,2, ,2,2,4,2500,600, , , , , , , , , , , , , ,1,1,2,2,2,2,2,2,2,1, , , , , , , ,1,1,2, ,2, ,2, ,11,5, ,2,2,2,2,2,2,10,7,1,2500,50, , , , , , ,242,2550,2550,2792,1,2,3.87281084060669
2022,01,0706402,1,0070,1,3,4,20220107064021007013,01,1,3,1,2, ,2,6, , , , , , , , , , , , , , , , , , , , , , , , , , , , , , , , , , , , , , , , , , , , , , , , , , , , , , , , , , , , , , , , , , , , , , , , , , , , , , , , , , , , , , , , , , , , , , , , , , , , , , , , , , , ,0, , ,1, , 
2022,01,0706402,1,0070,1,4,4,20220107064021007014,01,1,3,1,2, ,1,1, , , , , , , , , , , , , , , , , , , , , , , , , , , , , , , , , , , , , , , , , , , , , , , , , , , , , , , , , , , , , , , , , , , , , , , , , , , , , , , , , , , , , , , , , , , , , , , , , , , , , , , , , , , ,0, , ,1, , 
2022,01,07067,1,0025,1,1,4,202201070671002511,01,1,1,1,2, ,1,48,1,1,31,8,1973,1, , , , , , , , , , , , , , , ,5212,4711,4, ,2,1,1,2,5,11,11,11,11,11,10,70, ,70,1, ,1,1,1, , , , , , , , , , , , , , , , , ,1,1,2,2,2,2,2,2,2,2, , , , , , , ,2, ,2, ,2, ,2, ,11,5, ,2,2,2,2,2,2,10,7,1, , , , , , , , , ,0,0,0,1,1,3.23346781730652
2022,01,07067,1,0025,1,2,4,202201070671002512,01,1,6,1,2, ,2,67,2,2,8,10,1954,1, , , , , , , , , , , , , , , ,5211,4630,1, ,2,1,1,2,5,10,10,10,10,10,10,65, ,65,1, ,2, ,2,2, , , , , , , , , , , , , , , , ,1,2,2,2,2,1,2,2,2, , , , ,2, , , ,2, ,2, ,2, ,2, ,3,1, ,2,2,2,2,2,2,10,5,1, , ,1775,400, , , , , ,2175,2175,2175,1,2,2.13441729545593
2022,01,07067,1,0027,1,1,4,202201070671002711,01,1,1,1,1, ,1,55, , , , , , , , , , , , , , , , , , , , , , , , , , , , , , , , , , , , , , , , , , , , , , , , , , , , , , , , , , , , , , , , , , , , , , , , , , , , , , , , , , , , , , , , , , , , , , , , , , , , , , , , , , , ,0, , ,0, , 
2022,01,07067,1,0027,1,2,4,202201070671002712,01,1,2,1,2, ,2,55,2,2,6,4,1966,1, , , , , , , , , , , , , , , ,3221,8610,3,2, , ,5,9998,0,12,12,13,13,12,12,74, ,74,1, ,2, ,2,2,4,2000, , , , , , , , , , , , , , ,1,1,2,2,2,2,2,2,2,1, , , , , , , ,1,1,2, ,2, ,2, ,9,3, ,2,2,2,2,2,2,10,6,1,2000, , , , , , , ,83,2000,2000,2083,1,2,2.13441729545593
2022,01,07067,1,0027,1,3,4,202201070671002713,01,1,3,1,1, ,1,24, , , , , , , , , , , , , , , , , , , , , , , , , , , , , , , , , , , , , , , , , , , , , , , , , , , , , , , , , , , , , , , , , , , , , , , , , , , , , , , , , , , , , , , , , , , , , , , , , , , , , , , , , , , ,0, , ,0, , 
2022,01,07067,1,0097,1,1,4,202201070671009711,01,1,1,1,2, ,1,81,1,1,25,7,1940,2,2,2,2,2,2,2,2,2,2,2,2,2,2,2, , , , , , , , , , , , , , , , , , , , , , , , , , , , , , , , , , ,2,6,2, , , , ,1,1,2,2,2,2,2,2,2,3, , , , , , , ,2, ,2, ,1,3,2, ,11,5, ,2,2,2,2,2,2,10,7,4, , , , , , , , , ,0, , ,1, ,2.66703629493713
2022,01,07067,1,0097,1,2,4,202201070671009712,01,1,2,1,2, ,2,76,2,2,1,12,1945,2,2,2,2,2,2,2,2,2,2,2,2,2,2,2, , , , , , , , , , , , , , , , , , , , , , , , , , , , , , , , , , ,2,5,2, , , , ,2,1,2,2,2,2,2,2,2,4, , , , , , , ,2, ,2, ,2, ,2, ,6,5, ,2,2,2,2,2,2,10,7,4, , , , , , , , , ,0, , ,1, ,2.31590914726257
2022,01,07067,1,0097,1,3,4,202201070671009713,01,1,3,1,2, ,2,53,3,3,18,6,1968,1, , , , , , , , , , , , , , , ,3221,8610,3,2, , ,5,9998,18,18,18,18,18,18,0,108, ,108,1, ,2, ,2,2,4,2800,1000, , , , , , , , , , , , , ,2,1,2,2,2,2,2,2,2,1, , , , , , , ,1,1,2, ,2, ,2, ,9,3, ,2,2,2,2,2,2,10,7,1,2800,83, , , , , , ,83,2883,2883,2966,1,2,2.13441729545593
2022,01,07067,1,0097,1,4,4,202201070671009714,01,1,4,1,2, ,1,65,4,4,27,10,1956,1, , , , , , , , , , , , , , , ,4417,8610,3,3, , ,5,9998,0,8,8,8,8,8,0,40, ,40,1, ,2, ,2,2,4,3600, , , , , , , , , , , , , , ,1,1,2,2,2,2,2,2,2,1, , , , , , , ,1,1,2, ,2, ,2, ,10,2, ,2,2,2,2,2,2,10,7,1,3600, , , , , , , ,1083,3600,3600,4683,1,2,2.45802736282349
2022,01,07067,1,0097,1,5,4,202201070671009715,01,1,5,1,2, ,2,19,5,5,12,10,2002,2,2,2,2,2,2,2,2,2,2,2,2,2,2,2, , , , , , , , , , , , , , , , , , , , , , , , , , , , , , , , , , ,2,5,2, , , , ,2,2,2,2,2,2,2,2,2, , , , , , , , ,2, ,2, ,2, ,2, ,10,3, ,2,2,2,2,2,2,10,7,4, , , , , , , , , ,0, , ,1, ,3.46484398841858
2022,01,07067,1,0097,1,6,4,202201070671009716,01,1,3,1,2, ,1,46,6,6,7,10,1975,2,1, , , , , , , , , , , , , , ,2330,8521,3,2, , ,5,9998,0,0,0,0,0,0,0,0,6,66,2,60,1,1,1,1,4,2900, , , ,6000,6000, , , , , , , , , ,1,1,2,2,2,2,2,2,2,1, , , , , , , ,1,1,2, ,2, ,2, ,12,2, ,2,2,2,2,2,2,10,7,1,2900, , , ,6000,6000, , ,50,14900,2900,14950,1,2,2.45802736282349
2022,01,07067,1,0097,1,7,4,202201070671009717,01,1,4,1,2, ,2,40,7,7,11,1,1982,1, , , , , , , , , , , , , , , ,2222,8610,3,2, , ,5,1000,0,6,6,6,6,6,6,36, ,36,1, ,2, ,2,2,4,1800,600, , , , , , , , , , , , , ,1,1,2,2,2,2,2,2,2,1, , , , , , , ,2, ,1,1,2, ,2, ,11,5, ,2,2,2,2,2,2,10,7,1,1800,50, , , , , , ,50,1850,1850,1900,1,2,2.64652752876282
2022,01,07067,1,0097,1,8,4,202201070671009718,01,1,5,1,2, ,1,8, , , , , , , , , , , , , , , , , , , , , , , , , , , , , , , , , , , , , , , , , , , , , , , , , , , , , , , , , , , , , , , , , , , , , , , , , , , , , , , , , , , , , , , , , , , , , , , , , , , , , , , , , , , ,0, , ,1, , 
2022,01,07067,1,0097,1,9,4,202201070671009719,01,1,5,1,2, ,2,0, , , , , , , , , , , , , , , , , , , , , , , , , , , , , , , , , , , , , , , , , , , , , , , , , , , , , , , , , , , , , , , , , , , , , , , , , , , , , , , , , , , , , , , , , , , , , , , , , , , , , , , , , , , ,0, , ,1, , 
2022,01,07067,1,0098,1,1,4,202201070671009811,01,1,1,1,2, ,2,34,1,1,15,11,1987,2,2,2,2,1,2,2,2,2,2,2,2,2,2,2, ,5120,5610,2, ,3,2,1,2,0,0,0,0,5,5,5,15,3,18,2,30,1,1,1,2, , , , , , ,200, , , , , , , , , ,1,2,2,2,2,1,2,2,2, , , , ,5, , , ,2, ,2, ,2, ,2, ,6,5, ,2,2,2,2,2,2,10,7,1, , ,220,300, ,200, , , ,720,520,720,1,1,3.48143458366394
2022,01,07067,1,0098,1,2,4,202201070671009812,01,1,3,1,2, ,2,16,2,2,11,7,2005,2,2,2,2,2,2,2,2,2,2,2,2,1,2,2, ,9412,5610,4, ,3,2,1,2,0,0,0,0,1,1,1,3, , ,1, ,2, , , , , , , , , , , , ,2,5,2, , , , ,1,2,2,2,2,1,2,2,2, , , , ,5, , , ,2, ,2, ,2, ,2, ,5,4, ,2,2,2,2,2,2,10,7,4, , , , , , , , , ,0, , ,1,1,3.46484398841858
2022,01,0707101,1,0011,1,1,4,20220107071011001111,01,1,1,1,2, ,2,71,1,1,11,2,1950,2,2,2,2,2,2,2,2,2,2,2,2,2,2,2, , , , , , , , , , , , , , , , , , , , , , , , , , , , , , , , , , ,2,5,2, , , , ,1,2,2,2,2,1,2,2,2, , , , ,5, , , ,2, ,2, ,2, ,2, ,2,2, ,2,2,2,2,2,2,10,6,4, , , , , , , , , ,0, , ,1, ,1.69432580471039
2022,01,0707101,1,0011,1,2,4,20220107071011001112,01,1,2,1,2, ,1,72,2,2,5,3,1949,2,2,2,2,2,2,2,2,2,2,2,2,2,2,2, , , , , , , , , , , , , , , , , , , , , , , , , , , , , , , , , , ,2,5,2, , , , ,1,2,2,2,2,1,2,2,2, , , , ,5, , , ,2, ,2, ,2, ,2, ,2,2, ,2,2,2,2,2,2,10,7,4, , , , , , , , , ,0, , ,1, ,1.95121121406555
2022,01,0707101,1,0081,1,1,4,20220107071011008111,01,1,1,1,2, ,1,31,1,1,12,12,1990,2,2,2,2,2,2,2,2,2,2,2,2,2,2,2, , , , , , , , , , , , , , , , , , , , , , , , , , , , , , , , , , ,1, , , , ,5,3,1,2,2,2,2,1,2,2,2, , , , ,5, , , ,2, ,2, ,2, ,2, ,6,5, ,2,2,2,2,2,2,10,7,2, , , , , , , , , ,0, , ,1, ,1.90967071056366
2022,01,0707101,1,0081,1,2,4,20220107071011008112,01,1,2,1,2, ,2,26,2,2,5,4,1995,2,2,2,2,2,2,2,2,2,2,2,2,2,2,2, , , , , , , , , , , , , , , , , , , , , , , , , , , , , , , , , , ,2,5,2, , , , ,1,2,2,2,2,1,2,2,2, , , , ,5, , , ,2, ,2, ,2, ,2, ,3, ,5,2,2,2,2,2,2,10,9,4, , , , , , , , , ,0, , ,1, ,2.1008448600769
2022,01,07080,1,0079,1,1,4,202201070801007911,01,1,1,1,2, ,1,28,1,1,22,7,1993,1, , , , , , , , , , , , , , , ,5414,8010,3,4,1, ,5,600,12,8,8,8,8,12,12,68, ,68,1, ,2, ,2,1,4,1600, , , , , , , , , , , , , , ,1,1,2,2,2,2,2,2,2,1, , , , , , , ,2, ,1,1,2, ,2, ,6,5, ,2,2,2,2,2,2,10,7,1,1600, , , , , , , ,29,1600,1600,1629,1,2,3.00159001350403
2022,01,07080,1,0079,1,2,4,202201070801007912,01,1,7,1,2, ,1,24,2,2,15,3,1997,1, , , , , , , , , , , , , , , ,2359,8549,2, ,3,2,1,1,0,2,0,2,2,0,0,6, ,6,2,12,1,1,1,1, , , , , , , , , , , , , , , , ,1,1,2,2,2,2,2,2,2,2, , , , , , , ,1,2,2, ,2, ,2, ,9,5, ,2,2,2,2,2,2,10,7,1, , ,352, , , , , , ,352,352,352,1,1,3.48221611976624
2022,01,07080,1,0080,1,1,4,202201070801008011,01,1,1,1,2, ,1,83,1,1,6,5,1938,1, , , , , , , , , , , , , , , ,6111,0111,2, ,3,2,1,1,0,6,6,5,6,6,5,34, ,34,1, ,2, ,2,2, , , , , , , , , , , , , , , , ,1,2,2,2,1,2,2,2,2, , , ,4, , , , ,2, ,2, ,2, ,2, ,3,3, ,2,2,2,2,2,2,10,7,1, , ,104,97, , , , , ,201,201,201,1,1,3.27900958061218
2022,01,07080,1,0080,1,2,4,202201070801008012,01,1,2,1,2, ,2,78,2,2,3,8,1943,2,2,2,2,2,2,2,2,2,2,2,2,2,2,2, , , , , , , , , , , , , , , , , , , , , , , , , , , , , , , , , , ,2,7,2, , , , ,1,2,2,2,1,2,2,2,2, , , ,4, , , , ,2, ,2, ,2, ,2, ,1, , ,1,2,2,2,2,2,10,6,4, , , , , , , , , ,0, , ,1, ,2.34852766990662
2022,01,07080,1,0080,1,3,4,202201070801008013,01,1,3,1,2, ,1,50,3,3,18,7,1971,1, , , , , , , , , , , , , , , ,9313,4100,3,5,3,2,1,2,0,8,7,9,8,9,8,49, ,49,1, ,2, ,2,2,1,70, , , , , , , , , , , , , , ,2,2,2,2,2,2,2,2,2, , , , , , , , ,2, ,2, ,2, ,2, ,5,3, ,2,2,2,2,2,2,10,7,1,2100, , , , , , , , ,2100,2100,2100,1,1,3.27900958061218
2022,01,07080,1,0081,1,1,4,202201070801008111,01,1,1,1,2, ,1,46,1,1,11,2,1975,2,2,1, , , , , , , , , , , , , ,7111,4100,1, ,1, ,1,4,0,0,0,0,0,0,0,0, ,46,2,46,1,2,2,2, , , ,3000, , , , , , , , , , , , ,2,2,2,2,2,1,2,2,2, , , , ,5, , , ,2, ,2, ,2, ,2, ,10,2, ,2,2,2,2,2,2,10,7,1, , ,3000, , , , , , ,3000,3000,3000,1,2,2.49264740943909
2022,01,07080,1,0081,1,2,4,202201070801008112,01,1,2,1,2, ,2,46,2,2,14,12,1975,2,2,2,2,2,2,1,2,2,2,2,2,2,2,2, ,9533,4799,2, ,3,2,1,1,3,2,3,2,3,2,3,18, ,18,1, ,1,1,1,2, , , , , , , , , , , , , , , , ,1,2,2,2,2,1,2,2,2, , , , ,5, , , ,2, ,2, ,2, ,2, ,8,2, ,2,2,2,2,2,2,10,7,1, , ,250, , , , , , ,250,250,250,1,1,2.84731364250183
2022,01,07080,1,0081,1,3,4,202201070801008113,01,1,3,1,2, ,1,23,3,3,26,12,1998,2,2,2,2,2,2,2,2,2,2,2,2,2,2,2, , , , , , , , , , , , , , , , , , , , , , , , , , , , , , , , , , ,2,4,2, , , , ,2,2,2,2,2,2,1,2,2, , , , , ,4, , ,2, ,2, ,2, ,2, ,10,2, ,2,2,2,2,2,2,10,7,4, , , , , , , , , ,0, , ,1, ,2.8722095489502
2022,01,07080,1,0081,1,4,4,202201070801008114,01,1,3,1,2, ,1,21,4,4,3,6,2000,2,2,2,2,2,2,2,2,2,2,2,2,2,2,2, , , , , , , , , , , , , , , , , , , , , , , , , , , , , , , , , , ,2,4,2, , , , ,2,2,2,2,2,1,1,2,2, , , , ,5,4, , ,2, ,2, ,2, ,2, ,10,1, ,2,2,2,2,2,2,10,7,4, , , , , , , , , ,0, , ,1, ,2.8722095489502
2022,01,07080,1,0156,1,1,4,202201070801015611,01,1,1,1,2, ,1,71,1,1,26,12,1950,2,2,2,2,1,2,2,2,2,2,2,2,2,2,2, ,5142,9602,2, ,3,2,1,1,0,0,0,0,0,0,1,1, ,1,2,4,1,1,1,2, , , , , , , , , , , , , , , , ,1,1,2,2,2,2,2,2,2,3, , , , , , , ,2, ,1,3,2, ,2, ,6,5, ,2,2,2,2,2,2,10,7,1, , ,50, , , , , , ,50,50,50,1,1,3.27900958061218
2022,01,07080,1,0156,1,2,4,202201070801015612,01,1,2,1,2, ,2,67,2,2,18,2,1954,2,2,2,2,2,2,2,2,2,2,2,2,2,2,2, , , , , , , , , , , , , , , , , , , , , , , , , , , , , , , , , , ,2,6,2, , , , ,1,1,2,2,2,2,2,2,2,3, , , , , , , ,2, ,2, ,1,3,2, ,9,4, ,2,2,2,2,2,2,10,7,4, , , , , , , , , ,0, , ,1, ,2.34852766990662
2022,01,07081,2,0050,1,1,4,202201070812005011,01,1,1,1,2, ,1,37,1,1,3,7,1984,1, , , , , , , , , , , , , , , ,5120,5610,2, ,2,2,1,2,9,6,6,6,6,6,8,47,14,61,1, ,2, ,2,2, , , , , ,100, , , , , , , , , , ,2,2,2,2,2,1,2,2,2, , , , ,5, , , ,2, ,2, ,2, ,2, ,6,5, ,2,2,2,2,2,2,10,7,1, , ,3220,900,100, , , , ,4220,4120,4220,1,2,3.32050919532776
2022,01,07081,2,0050,1,2,4,202201070812005012,01,1,2,1,2, ,2,26,2,2,22,5,1995,1, , , , , , , , , , , , , , , ,9412,5610,4, ,2,2,1,2,8,6,6,5,6,6,8,45, ,45,1, ,2, ,2, , , , , , , , , , , , , , , , , ,1,2,2,2,2,1,2,2,2, , , , ,5, , , ,2, ,2, ,2, ,2, ,6,5, ,2,2,2,2,2,2,10,7,1, , , , , , , , , ,0,0,0,1,1,3.90558123588562
2022,01,07081,2,0050,1,3,4,202201070812005013,01,1,3,1,2, ,1,4, , , , , , , , , , , , , , , , , , , , , , , , , , , , , , , , , , , , , , , , , , , , , , , , , , , , , , , , , , , , , , , , , , , , , , , , , , , , , , , , , , , , , , , , , , , , , , , , , , , , , , , , , , , ,0, , ,1, , 
2022,01,07081,2,0050,1,4,4,202201070812005014,01,1,3,1,2, ,2,1, , , , , , , , , , , , , , , , , , , , , , , , , , , , , , , , , , , , , , , , , , , , , , , , , , , , , , , , , , , , , , , , , , , , , , , , , , , , , , , , , , , , , , , , , , , , , , , , , , , , , , , , , , , ,0, , ,1, , 
2022,01,07081,2,0051,1,1,4,202201070812005111,01,1,1,1,2, ,2,76,1,1,11,2,1945,1, , , , , , , , , , , , , , , ,5212,4711,2, ,2,2,1,1,12,11,11,11,11,10,11,77, ,77,1, ,2, ,2,2, , , , , , , , , , , , , , , , ,1,1,2,2,2,2,2,2,2,4, , , , , , , ,2, ,2, ,2, ,2, ,6,5, ,2,2,2,2,2,2,10,7,1, , ,1154,500, , , , , ,1654,1654,1654,1,2,2.39445543289185
2022,01,07081,2,0051,1,2,4,202201070812005112,01,1,2,1,2, ,1,84,2,2,20,1,1937,2,2,2,2,2,2,2,2,2,2,2,2,2,2,2, , , , , , , , , , , , , , , , , , , , , , , , , , , , , , , , , , ,2,7,2, , , , ,1,1,2,2,2,2,2,2,2,3, , , , , , , ,1,3,2, ,2, ,2, ,6,5, ,1,2,2,1,1,2,10,7,4, , , , , , , , , ,0, , ,1, ,2.9919638633728
2022,01,07081,2,0051,1,3,4,202201070812005113,01,1,5,1,2, ,1,38,3,3,14,6,1983,1, , , , , , , , , , , , , , , ,9313,4100,3,5,2,2,1,2,0,8,8,8,8,8,8,48, ,48,1, ,2, ,2,2,2,500, , , , , , , , , , , , , , ,1,2,2,2,2,1,2,2,2, , , , ,5, , , ,1,5,2, ,2, ,2, ,5,4, ,2,2,2,2,2,2,10,7,1,2165, , , , , , , , ,2165,2165,2165,1,1,4.36803913116455
2022,01,07081,2,0052,1,1,4,202201070812005211,01,1,1,1,2, ,2,28,1,1,7,7,1993,1, , , , , , , , , , , , , , , ,9533,4799,2, ,3,2,1,1,1,2,1,3,2,1,2,12, ,12,1, ,2, ,2,2, , , , , , , , , , , , , , , , ,1,2,2,2,2,1,2,2,2, , , , ,5, , , ,2, ,2, ,2, ,2, ,6,5, ,2,2,2,2,2,2,10,9,1, , ,100,100, , , , , ,200,200,200,1,1,3.90558123588562
2022,01,07081,2,0052,1,2,4,202201070812005212,01,1,3,1,2, ,1,10, , , , , , , , , , , , , , , , , , , , , , , , , , , , , , , , , , , , , , , , , , , , , , , , , , , , , , , , , , , , , , , , , , , , , , , , , , , , , , , , , , , , , , , , , , , , , , , , , , , , , , , , , , , ,0, , ,1, , 
2022,01,07081,2,0052,1,3,4,202201070812005213,01,1,3,1,2, ,2,6, , , , , , , , , , , , , , , , , , , , , , , , , , , , , , , , , , , , , , , , , , , , , , , , , , , , , , , , , , , , , , , , , , , , , , , , , , , , , , , , , , , , , , , , , , , , , , , , , , , , , , , , , , , ,0, , ,1, , 
2022,01,07081,2,0052,1,4,4,202201070812005214,01,1,3,1,2, ,2,2, , , , , , , , , , , , , , , , , , , , , , , , , , , , , , , , , , , , , , , , , , , , , , , , , , , , , , , , , , , , , , , , , , , , , , , , , , , , , , , , , , , , , , , , , , , , , , , , , , , , , , , , , , , ,0, , ,1, , 
2022,01,07087,2,0008,1,1,4,202201070872000811,01,1,1,1,2, ,1,44,1,1,27,6,1977,1, , , , , , , , , , , , , , , ,3212,8412,3,2, , ,5,5000,0,8,8,8,8,8,6,46, ,46,1, ,2, ,2,2,4,2500, , , , , , , , , , , , , , ,1,1,2,2,2,2,2,2,2,1, , , , , , , ,1,1,2, ,2, ,2, ,11,5, ,2,2,2,2,2,2,10,7,1,2500, , , , , , , ,50,2500,2500,2550,1,2,4.64061641693115
2022,01,07087,2,0008,1,2,4,202201070872000812,01,1,2,1,2, ,2,42,2,2,18,8,1979,1, , , , , , , , , , , , , , , ,2341,8510,3,2, , ,5,9998,0,7,7,7,7,7,0,35, ,35,2,30,2, ,2,2,4,2800, , , , , , , , , , , , , , ,2,1,2,2,2,2,2,2,2,1, , , , , , , ,2, ,1,1,2, ,2, ,12,2, ,2,2,2,2,2,2,10,7,1,2800, , , , , , , ,83,2800,2800,2883,1,2,4.14930009841919
2022,01,07087,2,0008,1,3,4,202201070872000813,01,1,3,1,2, ,1,12, , , , , , , , , , , , , , , , , , , , , , , , , , , , , , , , , , , , , , , , , , , , , , , , , , , , , , , , , , , , , , , , , , , , , , , , , , , , , , , , , , , , , , , , , , , , , , , , , , , , , , , , , , , ,0, , ,1, , 
2022,01,07087,2,0008,1,4,4,202201070872000814,01,1,3,1,2, ,1,7, , , , , , , , , , , , , , , , , , , , , , , , , , , , , , , , , , , , , , , , , , , , , , , , , , , , , , , , , , , , , , , , , , , , , , , , , , , , , , , , , , , , , , , , , , , , , , , , , , , , , , , , , , , ,0, , ,1, , 
2022,01,07087,2,0010,1,1,4,202201070872001011,01,1,1,1,2, ,2,53,1,1,14,10,1968,1, , , , , , , , , , , , , , , ,2632,8412,3,2, , ,5,9998,0,10,8,8,8,8,0,42, ,42,1, ,1,1,1,2,4,2000, , , , , , , , , , , , , , ,2,1,2,2,2,2,2,2,1,1, , , , , , ,2,2, ,1,1,2, ,2, ,12,2, ,2,2,2,2,2,2,10,7,1,2000, , , , , , , ,83,2000,2000,2083,1,2,3.34639930725098
2022,01,07087,3,0114,1,1,4,202201070873011411,01,1,1,1,2, ,1,81,1,2,6,12,1940,2,2,2,2,2,2,2,2,2,2,2,2,2,2,2, , , , , , , , , , , , , , , , , , , , , , , , , , , , , , , , , , ,2,7,2, , , , ,1,1,2,2,2,2,2,2,2,3, , , , , , , ,2, ,2, ,1,3,2, ,4,5, ,1,1,2,1,2,2,10,7,4, , , , , , , , , ,0, , ,1, ,4.18145418167114
2022,01,07087,3,0114,1,2,4,202201070873011412,01,1,2,1,2, ,2,66,2,2,1,8,1955,2,2,2,2,2,2,2,2,2,2,2,2,2,2,2, , , , , , , , , , , , , , , , , , , , , , , , , , , , , , , , , , ,2,5,1,2, , , ,1,1,2,2,2,2,2,2,2,4, , , , , , , ,2, ,2, ,2, ,2, ,3,4, ,2,2,2,2,2,2,10,7,4, , , , , , , , , ,0, , ,1, ,3.63094735145569
2022,01,07087,3,0114,1,3,4,202201070873011413,01,1,3,1,2, ,2,48,3,3,13,7,1973,2,1, , , , , , , , , , , , , , ,5312,8510,3,2, , ,5,5000,0,0,0,0,0,0,0,0,24,74,2,50,2, ,2,2,4,1500, , , , ,300, ,100, , , , , , , ,1,1,2,2,2,2,2,2,2,1, , , , , , , ,2, ,1,1,2, ,2, ,11,5, ,2,2,2,2,2,2,10,7,1,1500, , , , ,300, ,100,50,1900,1500,1950,1,2,3.34639930725098
2022,01,07087,3,0114,1,4,4,202201070873011414,01,1,5,1,2, ,2,20,4,4,17,1,2002,1, , , , , , , , , , , , , , , ,9412,5630,4, ,2,2,1,3,5,5,5,5,5,5,5,35, ,35,1, ,1,2,2, , , , , , , , , , , , , , , , , ,1,2,2,2,2,2,2,2,2, , , , , , , , ,2, ,2, ,2, ,2, ,10,3, ,2,2,2,2,2,2,10,1,1, , , , , , , , , ,0,0,0,1,1,6.58599996566772
2022,01,07087,3,0114,1,5,4,202201070873011415,01,1,5,1,2, ,2,16,5,5,21,11,2005,1, , , , , , , , , , , , , , , ,9412,5630,4, ,2,2,1,3,6,1,1,1,1,1,0,11, , ,1, ,1,2, , , , , , , , , , , ,2,4,1,2, , , ,1,1,2,2,2,2,2,2,2,4, , , , , , , ,2, ,2, ,2, ,2, ,5,4, ,2,2,2,2,2,2,10,7,4, , , , , , , , , ,0, , ,1,1,5.43227910995483
2022,01,07087,3,0115,1,1,4,202201070873011511,01,1,1,1,2, ,2,44,1,1,27,6,1977,2,2,2,2,2,2,2,2,2,2,2,2,2,2,2, , , , , , , , , , , , , , , , , , , , , , , , , , , , , , , , , , ,1, , , , ,5,6,1,1,2,2,2,2,2,2,2,4, , , , , , , ,1,5,2, ,2, ,2, ,6,5, ,2,2,2,2,2,2,10,6,2, , , , , , , , , ,0, , ,1, ,3.65915393829346
2022,01,07087,3,0115,1,2,4,202201070873011512,01,1,3,1,2, ,1,19,2,2,4,7,2002,2,2,2,2,2,2,2,2,2,2,2,2,2,2,2, , , , , , , , , , , , , , , , , , , , , , , , , , , , , , , , , , ,2,4,1,1,1, , ,2,2,2,2,2,1,2,2,2, , , , ,5, , , ,2, ,2, ,2, ,2, ,8,2, ,2,2,2,2,2,2,10,7,3, , , , , , , , , ,0, , ,1, ,4.44058704376221
2022,01,07087,3,0116,1,1,4,202201070873011611,01,1,1,1,2, ,2,47,1,2,10,7,1974,1, , , , , , , , , , , , , , , ,5213,4781,2, ,3,2,1,1,4,5,5,5,5,5,5,34, ,34,1, ,2, ,2,2, , , , , , , , , , , , , , , , ,1,2,2,2,2,1,2,2,2, , , , ,5, , , ,2, ,2, ,2, ,2, ,4, ,6,2,2,2,2,2,2,10,7,1, , ,210,450, , , , , ,660,660,660,1,1,4.40209674835205
2022,01,07087,3,0116,1,2,4,202201070873011612,01,1,2,1,2, ,1,51,2,2,30,11,1970,1, , , , , , , , , , , , , , , ,6111,0113,2, ,3,2,1,2,0,4,3,4,4,3,4,22, ,22,1, ,2, ,2,2, , , , , , , , , , , , , , , , ,2,2,2,2,2,1,2,2,2, , , , ,5, , , ,2, ,2, ,2, ,2, ,5,2, ,2,2,2,2,2,2,10,7,1, , ,125, , , , , , ,125,125,125,1,1,5.06952142715454
2022,01,07087,3,0116,1,3,4,202201070873011613,01,1,3,1,2, ,1,29,3,3,15,3,1992,1, , , , , , , , , , , , , , , ,2251,8620,2, ,2,2,1,1,5,8,8,0,8,0,0,29, ,29,2,50,1,2,2,2, , , , , , , , , , , , , , , , ,1,2,2,2,2,1,2,2,2, , , , ,5, , , ,1,5,2, ,2, ,2, ,12,2, ,2,2,2,2,2,2,10,7,1, , ,2236, , , , , , ,2236,2236,2236,1,2,4.64061641693115
2022,01,07087,3,0116,1,4,4,202201070873011614,01,1,3,1,2, ,1,26,4,4,6,10,1995,1, , , , , , , , , , , , , , , ,2132,8413,3,2, , ,5,9998,0,10,10,10,10,10,0,50, ,50,1, ,2, ,2,2,4,2500, , , , , , , , , , , , , , ,1,2,2,2,2,1,2,2,2, , , , ,5, , , ,2, ,2, ,2, ,2, ,12,1, ,2,2,2,2,2,2,10,7,1,2500, , , , , , , , ,2500,2500,2500,1,1,6.10460376739502
2022,01,07087,3,0116,1,5,4,202201070873011615,01,1,3,1,2, ,1,20,5,5,3,9,2001,1, , , , , , , , , , , , , , , ,9211,0113,4, ,3,2,1,2,4,0,0,0,0,0,0,4, , ,1, ,1,1, , , , , , , , , , , ,2,4,2, , , , ,2,2,2,2,2,1,2,2,2, , , , ,5, , , ,2, ,2, ,2, ,2, ,10,1, ,2,2,2,2,2,2,10,7,4, , , , , , , , , ,0, , ,1,1,4.44058704376221
2022,01,07087,3,0116,1,6,4,202201070873011616,01,1,3,1,2, ,2,16,6,6,13,11,2005,2,2,2,2,2,2,2,2,2,2,2,2,2,2,2, , , , , , , , , , , , , , , , , , , , , , , , , , , , , , , , , , ,2,5,2, , , , ,2,2,2,2,2,1,2,2,2, , , , ,5, , , ,2, ,2, ,2, ,2, ,5,4, ,2,2,2,2,2,2,10,7,4, , , , , , , , , ,0, , ,1, ,5.43227910995483
2022,01,07087,3,0116,1,7,4,202201070873011617,01,1,7,1,2, ,1,31,7,7,29,1,1990,1, , , , , , , , , , , , , , , ,8322,8413,3,2, , ,5,9998,0,8,8,8,8,8,0,40,10,50,1, ,2, ,2,2,4,1800, , , , , , , , , , , , , , ,1,2,2,2,2,1,2,2,2, , , , ,5, , , ,2, ,2, ,2, ,2, ,8,2, ,2,2,2,2,2,2,10,6,1,1800, , , , ,100, , ,20,1900,1800,1920,1,1,6.10460376739502
2022,01,07089,2,0041,1,1,4,202201070892004111,01,1,1,1,2, ,1,28,1,1,20,7,1993,1, , , , , , , , , , , , , , , ,2259,8610,3,2, , ,5,9998,0,12,12,0,0,6,12,42, ,42,1, ,2, ,2,2,4,4000, , , , , , , , , , , , , , ,2,1,2,2,2,2,2,2,2,1, , , , , , , ,2, ,1,1,2, ,2, ,11,5, ,2,2,2,2,2,2,10,1,1,4000, , , , , , , ,50,4000,4000,4050,1,2,2.7047107219696
2022,01,07089,2,0043,1,1,4,202201070892004311,01,1,1,1,2, ,1,55,1,1,10,3,1966,1, , , , , , , , , , , , , , , ,4417,6920,3,5,1, ,1,4,0,8,8,8,8,8,0,40,20,60,1, ,1,1,1,2,4,900, , , , ,500, , , , , , , , , ,1,1,2,2,2,2,2,2,2,1, , , , , , , ,1,1,2, ,2, ,2, ,8,2, ,2,2,2,2,2,2,10,7,1,900, , , , ,500, , ,100,1400,900,1500,1,2,2.24610638618469
2022,01,07089,2,0043,1,2,4,202201070892004312,01,1,2,1,2, ,2,54,2,2,4,10,1967,1, , , , , , , , , , , , , , , ,3221,8610,3,2, , ,5,9998,12,0,0,12,12,0,12,48,18,66,1, ,2, ,2,2,4,2300, , , , ,500, , , , , , , , , ,2,1,2,2,2,2,2,2,2,1, , , , , , , ,1,1,2, ,2, ,2, ,9,3, ,2,2,2,2,2,2,10,7,1,2300, , , , ,500, , ,323,2800,2300,3123,1,2,1.95039665699005
2022,01,07089,2,0044,1,1,4,202201070892004411,01,1,1,1,2, ,1,56,1,1,15,7,1965,2,1, , , , , , , , , , , , , , ,2330,8521,3,2, , ,5,9998,0,0,0,0,0,0,0,0, ,38,2,38,1,1,1,2,4,2500, , , , , , , , , , , , , , ,2,1,2,2,2,2,2,2,2,1, , , , , , , ,2, ,1,1,2, ,2, ,9,3, ,2,2,2,2,2,2,10,7,1,2500, , , , , , , ,83,2500,2500,2583,1,2,2.24610638618469
2022,01,07089,2,0044,1,2,4,202201070892004412,01,1,2,1,2, ,2,53,2,2,19,9,1968,1, , , , , , , , , , , , , , , ,3221,8610,3,2, , ,5,9998,0,7,7,7,7,7,0,35, ,35,2,36,1,1,1,2,4,2500, , , , , , , , , , , , , , ,2,1,2,2,2,2,2,2,2,1, , , , , , , ,1,1,2, ,2, ,2, ,9,3, ,2,2,2,2,2,2,10,7,1,2500, , , , , , , ,67,2500,2500,2567,1,2,1.95039665699005
2022,01,07089,2,0044,1,3,4,202201070892004413,01,1,3,1,2, ,1,24,3,3,26,1,1997,2,2,2,2,2,2,2,2,2,2,2,2,2,2,2, , , , , , , , , , , , , , , , , , , , , , , , , , , , , , , , , , ,1, , , , ,3,3,2,2,2,2,2,1,2,2,2, , , , ,5, , , ,2, ,2, ,2, ,2, ,10,4, ,2,2,2,2,2,2,10,7,2, , , , , , , , , ,0, , ,1, ,2.10353231430054
2022,01,07092,21,0010,1,1,4,2022010709221001011,01,1,1,1,2, ,1,70,1,1,12,2,1951,2,2,2,2,2,2,2,2,2,2,2,2,2,2,2, , , , , , , , , , , , , , , , , , , , , , , , , , , , , , , , , , ,2,6,2, , , , ,1,1,2,2,2,2,2,2,2,3, , , , , , , ,2, ,1,3,2, ,2, ,6,5, ,2,2,2,2,2,2,10,9,4, , , , , , , , , ,0, , ,1, ,3.67551064491272
2022,01,07092,21,0010,1,2,4,2022010709221001012,01,1,2,1,2, ,2,57,2,2,1,1,1965,2,1, , , , , , , , , , , , , , ,2342,8510,3,2, , ,5,9998,0,0,0,0,0,0,0,0, ,38,2,38,2, ,2,2,4,4000, , , , , , , , , , , , , , ,2,1,2,2,2,2,2,2,2,1, , , , , , , ,2, ,1,1,2, ,2, ,11,5, ,2,2,2,2,2,2,10,7,1,4000, , , , , , , ,75,4000,4000,4075,1,2,2.94149470329285
2022,01,07092,21,0010,1,3,4,2022010709221001013,01,1,3,1,2, ,1,31,3,3,18,8,1990,1, , , , , , , , , , , , , , , ,1499,9000,1, ,1, ,1,3,0,0,0,0,12,12,12,36, ,36,1, ,2, ,2,2, , , ,5000, , , , , , , , , , , , ,1,1,2,2,2,2,2,2,2,2, , , , , , , ,1,2,2, ,2, ,2, ,11,5, ,2,2,2,2,2,2,10,7,1, , ,5000, , , , , , ,5000,5000,5000,1,2,4.07911586761475
2022,01,07092,21,0010,1,4,4,2022010709221001014,01,1,3,1,2, ,2,35,4,4,27,1,1987,1, , , , , , , , , , , , , , , ,2222,8610,3,2, , ,5,9998,12,12,12,12,12,12,12,84, ,84,1, ,2, ,2,2,4,3000,600, , , , , , , , , , , , , ,2,1,2,2,2,2,2,2,2,1, , , , , , , ,1,1,2, ,2, ,2, ,11,5, ,2,2,2,2,2,2,10,7,1,3000,50, , , , , , ,50,3050,3050,3100,1,2,3.64724683761597
2022,01,07092,21,0010,1,5,4,2022010709221001015,01,1,5,1,2, ,1,8, , , , , , , , , , , , , , , , , , , , , , , , , , , , , , , , , , , , , , , , , , , , , , , , , , , , , , , , , , , , , , , , , , , , , , , , , , , , , , , , , , , , , , , , , , , , , , , , , , , , , , , , , , , ,0, , ,1, , 
2022,01,07092,21,0013,1,1,4,2022010709221001311,01,1,1,1,2, ,1,68,1,1,9,8,1953,2,2,2,2,2,2,2,2,2,2,2,2,2,2,2, , , , , , , , , , , , , , , , , , , , , , , , , , , , , , , , , , ,2,6,1,1,3, , ,1,1,2,2,2,2,2,2,2,3, , , , , , , ,2, ,1,3,2, ,2, ,10,1, ,2,2,2,2,2,2,10,7,4, , , , , , , , , ,0, , ,1, ,3.67551064491272
2022,01,07092,21,0013,1,2,4,2022010709221001312,01,1,2,1,2, ,2,62,2,2,1,9,1959,1, , , , , , , , , , , , , , , ,2341,8510,3,2, , ,5,9998,0,7,7,7,7,7,4,39, ,39,2,40,2, ,2,2,4,2300, , , , , , , , , , , , , , ,2,1,2,2,2,2,2,2,2,1, , , , , , , ,2, ,1,1,2, ,2, ,9,5, ,2,2,2,2,2,2,10,7,1,2300, , , , , , , ,75,2300,2300,2375,1,2,2.94149470329285
2022,01,07092,21,0013,1,3,4,2022010709221001313,01,1,3,1,2, ,1,44,3,3,19,11,1977,2,2,2,2,2,2,2,2,2,2,2,2,2,2,2, , , , , , , , , , , , , , , , , , , , , , , , , , , , , , , , , , ,2,5,1,2, , , ,1,2,2,2,2,1,2,2,2, , , , ,5, , , ,2, ,2, ,2, ,2, ,11,5, ,2,2,2,2,2,2,10,7,4, , , , , , , , , ,0, , ,1, ,4.42596769332886
2022,01,07092,21,0013,1,4,4,2022010709221001314,01,1,3,1,2, ,1,32,4,4,5,3,1989,1, , , , , , , , , , , , , , , ,2142,7110,2, ,2,2,1,1,0,8,8,9,9,9,8,51, ,51,1, ,1,1,1,2, , , , , , , , , , , , , , , , ,1,2,2,2,2,1,2,2,2, , , , ,5, , , ,2, ,1,5,2, ,2, ,11,5, ,2,2,2,2,2,2,10,7,1, , ,2200, , , , , , ,2200,2200,2200,1,2,4.07911586761475
2022,01,07092,4,0022,1,1,4,202201070924002211,01,1,1,1,2, ,2,57,1,1,4,8,1964,2,2,2,2,2,2,2,2,2,2,2,2,2,2,2, , , , , , , , , , , , , , , , , , , , , , , , , , , , , , , , , , ,2,5,2, , , , ,1,1,2,2,2,2,2,2,2,4, , , , , , , ,2, ,2, ,2, ,2, ,8,2, ,1,2,2,2,2,2,10,7,4, , , , , , , , , ,0, , ,1, ,3.19161343574524
2022,01,07092,4,0022,1,2,4,202201070924002213,01,1,3,1,2, ,1,24,2,2,3,2,1997,1, , , , , , , , , , , , , , , ,3432,5610,7,5,2,1,1,10,0,3,3,3,3,3,0,15,5,20,1, ,2, ,2,2,5, ,170, , , ,300, , , , , , , , , ,1,2,2,2,2,1,2,2,2, , , , ,5, , , ,2, ,2, ,2, ,2, ,10,4, ,2,2,2,2,2,2,10,7,1, ,570, , , ,300, , , ,870,570,870,1,1,4.7322793006897
2022,01,07092,4,0022,1,3,4,202201070924002214,01,1,11,1,2, ,2,78,3,3,11,7,1943,2,2,2,2,2,2,2,2,2,2,2,2,2,2,2, , , , , , , , , , , , , , , , , , , , , , , , , , , , , , , , , , ,2,5,2, , , , ,1,1,2,2,2,2,2,2,2,3, , , , , , , ,1,3,2, ,2, ,2, ,4,5, ,2,1,2,2,2,2,10,7,4, , , , , , , , , ,0, , ,1, ,3.19161343574524
2022,01,07092,4,0029,1,1,4,202201070924002911,01,1,1,1,2, ,2,58,1,1,16,9,1963,2,2,2,2,2,2,2,2,2,2,2,2,2,2,2, , , , , , , , , , , , , , , , , , , , , , , , , , , , , , , , , , ,1, , , , ,4,3,1,2,2,2,2,1,2,2,2, , , , ,5, , , ,2, ,2, ,2, ,2, ,5,1, ,1,1,2,2,2,2,10,2,2, , , , , , , , , ,0, , ,1, ,2.59402370452881
2022,01,07092,4,0032,1,1,4,202201070924003211,01,1,1,1,2, ,1,38,1,1,25,5,1983,2,2,2,2,2,2,2,2,2,2,2,2,2,2,2, , , , , , , , , , , , , , , , , , , , , , , , , , , , , , , , , , ,1, , , , ,3,4,1,2,2,2,2,1,2,2,2, , , , ,5, , , ,2, ,2, ,2, ,2, ,11,5, ,2,2,2,2,2,2,10,7,2, , , , , , , , , ,0, , ,1, ,3.59726023674011
2022,01,07092,4,0032,1,2,4,202201070924003212,01,1,2,1,2, ,2,35,2,2,1,5,1986,2,2,2,2,2,2,2,2,2,2,2,2,2,2,2, , , , , , , , , , , , , , , , , , , , , , , , , , , , , , , , , , ,1, , , , ,3,4,1,2,2,2,2,1,2,2,2, , , , ,5, , , ,2, ,2, ,2, ,2, ,8,2, ,2,2,2,2,2,2,10,7,2, , , , , , , , , ,0, , ,1, ,3.21640706062317
2022,01,07092,4,0032,1,3,4,202201070924003213,01,1,3,1,2, ,2,0, , , , , , , , , , , , , , , , , , , , , , , , , , , , , , , , , , , , , , , , , , , , , , , , , , , , , , , , , , , , , , , , , , , , , , , , , , , , , , , , , , , , , , , , , , , , , , , , , , , , , , , , , , , ,0, , ,1, , 
2022,01,07092,21,0230,1,1,4,2022010709221023011,01,1,1,1,2, ,1,67,1,1,28,7,1954,2,2,2,2,2,2,2,2,2,2,2,2,2,2,2, , , , , , , , , , , , , , , , , , , , , , , , , , , , , , , , , , ,2,6,1,1,10, , ,1,2,2,2,1,2,2,2,2, , , ,3, , , , ,2, ,2, ,2, ,1,3,9,3, ,2,2,2,2,2,2,10,7,3, , , , , , , , , ,0, , ,1, ,3.67551064491272
2022,01,07092,21,0230,1,2,4,2022010709221023012,01,1,2,1,2, ,2,67,2,2,9,3,1954,2,2,2,2,2,2,2,2,2,2,2,2,2,2,2, , , , , , , , , , , , , , , , , , , , , , , , , , , , , , , , , , ,2,6,2, , , , ,1,1,2,2,2,2,2,2,2,3, , , , , , , ,2, ,1,3,2, ,2, ,11,5, ,2,2,2,2,2,2,10,7,4, , , , , , , , , ,0, , ,1, ,3.19161343574524
2022,01,07092,21,0230,1,3,4,2022010709221023013,01,1,5,1,2, ,1,7, , , , , , , , , , , , , , , , , , , , , , , , , , , , , , , , , , , , , , , , , , , , , , , , , , , , , , , , , , , , , , , , , , , , , , , , , , , , , , , , , , , , , , , , , , , , , , , , , , , , , , , , , , , ,0, , ,1, , 
2022,01,0709401,2,0006,1,1,4,20220107094012000611,01,1,1,1,2, ,1,31,1,1,29,1,1990,2,2,2,2,2,2,2,2,2,2,2,2,2,2,2, , , , , , , , , , , , , , , , , , , , , , , , , , , , , , , , , , ,2,5,1,1,1, , ,1,2,2,2,2,1,2,2,2, , , , ,5, , , ,2, ,2, ,2, ,2, ,9,3, ,2,2,2,2,2,2,10,7,3, , , , , , , , , ,0, , ,1, ,2.91850829124451
2022,01,0709401,2,0006,1,2,4,20220107094012000612,01,1,2,1,2, ,2,27,2,2,7,8,1994,1, , , , , , , , , , , , , , , ,4417,8413,3,2, , ,5,9998,0,8,10,8,8,8,0,42, ,42,1, ,2, ,2,2,4,2000, , , , , , , , , , , , , , ,1,2,2,2,2,1,2,2,2, , , , ,5, , , ,2, ,2, ,2, ,2, ,12,1, ,2,2,2,2,2,2,10,7,1,2000, , , , , , , , ,2000,2000,2000,1,1,3.16373229026794
2022,01,0709401,2,0006,1,3,4,20220107094012000613,01,1,3,1,2, ,1,3, , , , , , , , , , , , , , , , , , , , , , , , , , , , , , , , , , , , , , , , , , , , , , , , , , , , , , , , , , , , , , , , , , , , , , , , , , , , , , , , , , , , , , , , , , , , , , , , , , , , , , , , , , , ,0, , ,1, , 
2022,01,0709401,2,0007,1,1,4,20220107094012000711,01,1,1,1,2, ,1,33,1,1,27,5,1988,1, , , , , , , , , , , , , , , ,9313,4100,3,5,1, ,3,60,0,10,9,10,9,9,4,51, ,51,1, ,1,1,1,2,2,707,186, , , , , , , , , , , , , ,1,1,2,2,2,2,2,2,2,1, , , , , , , ,1,1,2, ,2, ,2, ,8,2, ,2,2,2,2,2,2,10,7,1,3061,806, , , , , , ,167,3867,3867,4034,1,2,2.68979215621948
2022,01,0709401,2,0007,1,2,4,20220107094012000712,01,1,2,1,2, ,2,27,2,2,30,3,1994,2,2,2,2,2,2,2,2,2,2,2,2,2,2,2, , , , , , , , , , , , , , , , , , , , , , , , , , , , , , , , , , ,2,5,1,2, , , ,1,2,2,2,2,2,2,2,2, , , , , , , , ,2, ,2, ,2, ,2, ,11,5, ,2,2,2,2,2,2,10,5,4, , , , , , , , , ,0, , ,1, ,2.60951685905457
2022,01,0709401,2,0007,1,3,4,20220107094012000713,01,1,3,1,2, ,1,5, , , , , , , , , , , , , , , , , , , , , , , , , , , , , , , , , , , , , , , , , , , , , , , , , , , , , , , , , , , , , , , , , , , , , , , , , , , , , , , , , , , , , , , , , , , , , , , , , , , , , , , , , , , ,0, , ,1, , 
2022,01,0709401,2,0007,1,4,4,20220107094012000714,01,1,3,1,1, ,2,2, , , , , , , , , , , , , , , , , , , , , , , , , , , , , , , , , , , , , , , , , , , , , , , , , , , , , , , , , , , , , , , , , , , , , , , , , , , , , , , , , , , , , , , , , , , , , , , , , , , , , , , , , , , ,0, , ,0, , 
2022,01,0709401,2,0008,1,1,4,20220107094012000811,01,1,1,1,2, ,1,30,1,1,10,10,1991,1, , , , , , , , , , , , , , , ,8342,4210,3,5,1, ,5,700,0,8,8,8,8,8,0,40, ,40,1, ,2, ,2,2,4,3000,108, , , , , , , , , , , , , ,1,1,2,2,2,2,2,2,2,1, , , , , , , ,2, ,1,1,2, ,2, ,6,5, ,2,2,2,2,2,2,10,9,1,3000,468, , , , , , ,42,3468,3468,3510,1,2,2.68979215621948
2022,01,0709401,2,0012,1,1,4,20220107094012001211,01,1,1,1,2, ,1,56,1,1,25,5,1965,1, , , , , , , , , , , , , , , ,6111,0113,2, ,3,2,1,2,0,8,8,8,8,8,8,48, ,48,1, ,2, ,2,2, , , , , , , , , , , , , , , , ,1,2,2,2,2,1,2,2,2, , , , ,5, , , ,2, ,2, ,2, ,2, ,9,3, ,2,2,2,2,2,2,10,8,1, , ,853, , , , , , ,853,853,853,1,1,2.93839430809021
2022,01,0709402,3,0054,1,1,4,20220107094023005411,01,1,1,1,2, ,1,41,1,1,30,12,1980,2,1, , , , , , , , , , , , , , ,2342,8510,3,2, , ,5,9998,0,0,0,0,0,0,0,0, ,45,2,45,1,1,1,2,4,2859, , , , , , , , , , , , , , ,1,1,2,2,2,2,2,2,2,1, , , , , , , ,1,1,2, ,2, ,2, ,11,5, ,2,2,2,2,2,2,10,7,1,2859, , , , , , , ,50,2859,2859,2909,1,2,2.1138436794281
2022,01,0709402,3,0054,1,2,4,20220107094023005412,01,1,2,1,2, ,2,38,2,2,8,8,1983,2,1, , , , , , , , , , , , , , ,2342,8510,3,2, , ,5,9998,0,0,0,0,0,0,0,0, ,45,2,45,1,1,1,1,4,2180, , , , , , , , , , , , , , ,1,1,2,2,2,2,2,2,2,1, , , , , , , ,2, ,1,1,2, ,2, ,11,5, ,2,2,2,2,2,2,10,7,1,2180, , , , , , , ,50,2180,2180,2230,1,2,1.89004468917847
2022,01,0709402,3,0054,1,3,4,20220107094023005413,01,1,3,1,2, ,1,7, , , , , , , , , , , , , , , , , , , , , , , , , , , , , , , , , , , , , , , , , , , , , , , , , , , , , , , , , , , , , , , , , , , , , , , , , , , , , , , , , , , , , , , , , , , , , , , , , , , , , , , , , , , ,0, , ,1, , 
2022,01,0709402,3,0054,1,4,4,20220107094023005414,01,1,3,1,2, ,2,0, , , , , , , , , , , , , , , , , , , , , , , , , , , , , , , , , , , , , , , , , , , , , , , , , , , , , , , , , , , , , , , , , , , , , , , , , , , , , , , , , , , , , , , , , , , , , , , , , , , , , , , , , , , ,0, , ,1, , 
2022,01,0709402,3,0056,1,1,4,20220107094023005611,01,1,1,1,2, ,2,69,1,1,22,8,1952,2,2,2,2,2,2,2,2,2,2,2,2,2,2,2, , , , , , , , , , , , , , , , , , , , , , , , , , , , , , , , , , ,2,5,2, , , , ,2,2,2,2,2,1,2,2,2, , , , ,5, , , ,2, ,2, ,2, ,2, ,3,1, ,2,2,2,2,2,2,10,9,4, , , , , , , , , ,0, , ,1, ,1.65393030643463
2022,01,07095,3,0164,1,1,4,202201070953016411,01,1,1,1,2, ,1,54,1,1,20,9,1967,1, , , , , , , , , , , , , , , ,4417,8412,3,2, , ,5,9998,0,8,8,8,8,8,0,40, ,40,1, ,2, ,2,2,4,4700, , , , , , , , , , , , , , ,2,1,2,2,2,2,2,2,2,1, , , , , , , ,1,1,2, ,2, ,2, ,11,5, ,2,2,2,2,2,2,10,6,1,4700, , , , , , , ,50,4700,4700,4750,1,2,3.13665223121643
2022,01,07097,1,0060,1,1,4,202201070971006011,01,1,1,1,2, ,1,36,1,1,23,2,1985,1, , , , , , , , , , , , , , , ,2311,8530,3,2, , ,5,501,0,10,10,10,10,10,0,50,15,65,1, ,2, ,2,2,4,3600, , , ,7000, , , , , , , , , , ,1,1,2,2,2,2,2,2,2,1, , , , , , , ,2, ,1,1,2, ,2, ,12,2, ,2,2,2,2,2,2,10,8,1,3600, , , ,7000, , , ,50,10600,3600,10650,1,2,3.82362389564514
2022,01,07097,1,0060,1,2,4,202201070971006012,01,1,2,1,2, ,2,42,2,2,29,9,1979,2,2,2,2,2,2,2,2,2,2,2,2,2,2,2, , , , , , , , , , , , , , , , , , , , , , , , , , , , , , , , , , ,2,5,2, , , , ,1,1,2,2,1,2,2,2,2,4, , ,3, , , , ,2, ,2, ,2, ,1,3,9,3, ,2,2,2,2,2,2,10,7,4, , , , , , , , , ,0, , ,1, ,3.70951008796692
2022,01,07097,1,0060,1,3,4,202201070971006013,01,1,3,1,2, ,1,5, , , , , , , , , , , , , , , , , , , , , , , , , , , , , , , , , , , , , , , , , , , , , , , , , , , , , , , , , , , , , , , , , , , , , , , , , , , , , , , , , , , , , , , , , , , , , , , , , , , , , , , , , , , ,0, , ,1, , 
2022,01,07097,1,0060,1,4,4,202201070971006014,01,1,6,1,2, ,2,65,4,4,4,3,1956,2,2,2,2,2,2,2,2,2,2,2,2,2,2,2, , , , , , , , , , , , , , , , , , , , , , , , , , , , , , , , , , ,2,5,2, , , , ,1,1,2,2,2,2,2,2,2,4, , , , , , , ,2, ,2, ,2, ,2, ,4,5, ,2,2,2,2,2,2,1,7,4, , , , , , , , , ,0, , ,1, ,2.99170970916748
2022,01,07102,4,0011,1,1,4,202201071024001111,01,1,1,1,2, ,2,77,1,1,10,3,1944,2,2,2,2,2,2,2,2,2,2,2,2,2,2,2, , , , , , , , , , , , , , , , , , , , , , , , , , , , , , , , , , ,2,5,2, , , , ,2,1,2,2,2,2,2,2,2,4, , , , , , , ,2, ,2, ,2, ,2, ,4,5, ,2,2,2,2,2,2,10,7,4, , , , , , , , , ,0, , ,1, ,2.52495145797729
2022,01,07102,4,0011,1,2,4,202201071024001112,01,1,3,1,2, ,1,57,2,2,29,5,1964,2,1, , , , , , , , , , , , , , ,2330,8521,3,2, , ,5,9998,0,0,0,0,0,0,0,0, ,38,2,38,2, ,2,2,4,1600, , , , , , , , , , , , , , ,1,1,2,2,2,2,2,2,2,1, , , , , , , ,2, ,1,1,2, ,2, ,11,5, ,2,2,2,2,2,2,10,7,1,1600, , , , , , , ,83,1600,1600,1683,1,2,2.67989754676819
2022,01,07102,4,0011,1,3,4,202201071024001113,01,1,4,1,2, ,2,56,3,3,12,6,1965,2,1, , , , , , , , , , , , , , ,5312,8510,3,2, , ,5,9998,0,0,0,0,0,0,0,0, ,38,2,38,2, ,2,2,4,1300, , , , , , , , , , , , , , ,1,1,2,2,2,2,2,2,2,1, , , , , , , ,2, ,1,1,2, ,2, ,11,5, ,2,2,2,2,2,2,10,6,1,1300, , , , , , , ,50,1300,1300,1350,1,2,2.32707738876343
2022,01,07102,4,0011,1,4,4,202201071024001114,01,1,5,1,2, ,2,26,4,4,2,10,1995,1, , , , , , , , , , , , , , , ,3112,4210,3,5,1, ,1,5,0,8,8,8,8,8,0,40, ,40,1, ,2, ,2,2,4,800, , , , , , , , , , , , , , ,1,2,2,2,2,1,2,2,2, , , , ,5, , , ,2, ,2, ,2, ,2, ,11,5, ,2,2,2,2,2,2,10,7,1,800, , , , , , , , ,800,800,800,1,1,3.79568147659302
2022,01,07102,4,0014,1,1,4,202201071024001411,01,1,1,1,1, ,2,73, , , , , , , , , , , , , , , , , , , , , , , , , , , , , , , , , , , , , , , , , , , , , , , , , , , , , , , , , , , , , , , , , , , , , , , , , , , , , , , , , , , , , , , , , , , , , , , , , , , , , , , , , , , ,0, , ,0, , 
2022,01,07102,4,0014,1,2,4,202201071024001412,01,1,3,1,2, ,1,47,2,2,18,4,1974,1, , , , , , , , , , , , , , , ,6121,0141,1, ,2,2,1,3,0,0,10,8,8,10,0,36,18,54,1, ,2, ,2,2, , , , , , ,1000, , , , , , , , , ,1,2,2,2,2,1,2,2,2, , , , ,5, , , ,2, ,2, ,2, ,2, ,6,5, ,2,2,2,2,2,2,10,7,1, , ,542, , ,1000, , , ,1542,542,1542,1,1,3.52533221244812
2022,01,07102,3,0105,1,1,4,202201071023010511,01,1,1,1,2, ,1,73,1,1,16,8,1948,2,2,2,2,2,2,2,2,2,2,2,1,2,2,2, ,9211,0111,3,5,3,2,1,5,0,8,8,0,0,0,0,16, ,16,1, ,1,2,2,2,2,70,6, , , , , , , , , , , , , ,1,2,2,2,2,1,2,2,2, , , , ,5, , , ,2, ,2, ,2, ,2, ,5,4, ,2,2,2,2,2,2,10,9,1,303,180, , , , , , , ,483,483,483,1,1,3.52533221244812
2022,01,07102,3,0105,1,2,4,202201071023010512,01,1,3,1,2, ,2,44,2,2,31,5,1977,1, , , , , , , , , , , , , , , ,5213,4781,2, ,3,2,1,1,0,7,7,7,7,7,7,42,30,72,1, ,1,1,1,2, , , , , , ,300, ,40, , , , , , , ,2,2,2,2,2,1,2,2,2, , , , ,5, , , ,2, ,2, ,2, ,2, ,6,5, ,2,2,2,2,2,2,10,1,1, , ,400,12, ,300, ,40, ,752,412,752,1,1,3.79568147659302
2022,01,07102,3,0105,1,3,4,202201071023010513,01,1,4,1,2, ,1,47,3,3,13,8,1974,1, , , , , , , , , , , , , , , ,8322,4922,2, ,3,2,1,1,9,9,9,9,9,9,9,63, ,63,1, ,2, ,2,2, , , , , , , , , , , , , , , , ,1,2,2,2,2,1,2,2,2, , , , ,5, , , ,2, ,2, ,2, ,2, ,6,5, ,2,2,2,2,2,2,10,1,1, , ,720, , , , , , ,720,720,720,1,1,3.52533221244812
2022,01,07102,3,0105,1,4,4,202201071023010514,01,1,5,1,2, ,1,21,4,4,3,12,2000,2,2,2,2,2,2,2,2,2,2,2,2,1,2,2, ,5223,4721,4, ,3,2,1,2,4,2,2,2,2,2,4,18, ,18,1, ,2, ,2, , , , , , , , , , , , , , , , , ,1,2,2,2,2,1,2,2,2, , , , ,5, , , ,2, ,2, ,2, ,2, ,10,1, ,2,2,2,2,2,2,10,1,1, , , , , , , , , ,0,0,0,1,1,3.74380397796631
2022,01,07102,3,0106,1,1,4,202201071023010611,01,1,1,1,2, ,2,24,1,1,7,9,1997,1, , , , , , , , , , , , , , , ,4225,7320,3,5,1, ,4,150,8,8,10,10,10,10,10,66, ,66,1, ,1,1,1,1,2,240, , , , , , , , , , , , , , ,1,2,2,2,2,1,2,2,2, , , , ,5, , , ,2, ,2, ,2, ,2, ,11,5, ,2,2,2,2,2,2,10,7,1,1039, , , , , , , , ,1039,1039,1039,1,1,4.57988786697388
2022,01,07102,3,0106,1,2,4,202201071023010612,01,1,7,1,2, ,1,25,2,2,29,7,1996,2,2,2,2,2,2,2,2,2,2,2,2,2,2,2, , , , , , , , , , , , , , , , , , , , , , , , , , , , , , , , , , ,2,8,1,1,5, , ,1,2,2,2,2,1,2,2,2, , , , ,5, , , ,2, ,2, ,2, ,2, ,11,5, ,2,2,2,2,2,2,10,7,4, , , , , , , , , ,0, , ,1, ,3.50147461891174
2022,01,07102,3,0106,1,3,4,202201071023010613,01,1,7,1,2, ,2,16,3,3,25,2,2005,2,2,2,2,2,2,2,2,2,2,2,2,2,2,2, , , , , , , , , , , , , , , , , , , , , , , , , , , , , , , , , , ,2,4,2, , , , ,1,2,2,2,2,1,2,2,2, , , , ,5, , , ,2, ,2, ,2, ,2, ,6,5, ,2,2,2,2,2,2,10,7,4, , , , , , , , , ,0, , ,1, ,3.77759337425232
2022,01,07102,3,0109,1,1,4,202201071023010911,01,1,1,1,2, ,1,73,1,1,9,12,1948,1, , , , , , , , , , , , , , , ,6114,0150,2, ,3,2,1,1,3,9,9,9,9,9,9,57, ,57,1, ,1,2,2,2, , , , , , , , , , , , , , , , ,1,2,2,2,2,1,2,2,2, , , , ,5, , , ,2, ,2, ,2, ,2, ,4,5, ,2,2,2,2,2,2,10,9,1, , ,104,49, , , , , ,153,153,153,1,1,3.52533221244812
2022,01,07102,3,0109,1,2,4,202201071023010912,01,1,2,1,2, ,2,50,2,2,2,1,1972,1, , , , , , , , , , , , , , , ,5212,4711,2, ,3,2,1,2,12,12,12,12,12,12,12,84, ,84,1, ,2, ,2,2, , , , , , , , , , , , , , , , ,1,2,2,2,2,1,2,2,2, , , , ,5, , , ,2, ,2, ,2, ,2, ,4,5, ,2,2,2,2,2,2,10,7,1, , ,1175,150, , , , , ,1325,1325,1325,1,1,3.06120681762695
2022,01,07102,3,0109,1,3,4,202201071023010913,01,1,3,1,2, ,1,28,3,3,13,4,1993,1, , , , , , , , , , , , , , , ,5211,4630,3,5,1, ,1,3,0,9,9,9,9,9,0,45, ,45,1, ,2, ,2,2,4,1700, , , , , , , , , , , , , , ,1,2,2,2,2,1,2,2,2, , , , ,5, , , ,2, ,2, ,2, ,2, ,9,3, ,2,2,2,2,2,2,10,7,1,1700, , , , , , , ,50,1700,1700,1750,1,1,4.24512624740601
2022,01,07102,3,0109,1,4,4,202201071023010914,01,1,3,1,2, ,2,26,4,4,30,10,1995,1, , , , , , , , , , , , , , , ,5212,4773,3,5,2,2,1,8,0,9,9,9,9,9,9,54, ,54,1, ,2, ,2,2,4,1695, , , , , , , , , , , , , , ,2,1,2,2,2,2,2,2,2,1, , , , , , , ,2, ,1,1,2, ,2, ,9,3, ,2,2,2,2,2,2,10,5,1,1695, , , , , , , , ,1695,1695,1695,1,2,2.8854124546051
2022,01,07102,3,0109,1,5,4,202201071023010915,01,1,3,1,2, ,1,15,5,5,8,2,2006,2,2,2,2,2,2,2,2,2,2,2,2,2,2,2, , , , , , , , , , , , , , , , , , , , , , , , , , , , , , , , , , ,2,8,1,1,3, , ,1,2,2,2,2,1,2,2,2, , , , ,5, , , ,2, ,2, ,2, ,2, ,5,4, ,2,2,2,2,2,2,10,5,4, , , , , , , , , ,0, , ,1, ,3.08797287940979
2022,01,07102,3,0109,1,6,4,202201071023010916,01,1,3,1,2, ,1,14,6,6,13,1,2008,2,2,2,2,2,2,2,2,2,2,2,2,1,2,2, ,5223,4711,4, ,3,2,1,2,2,2,2,2,2,2,2,14, , ,1, ,2, , , , , , , , , , , , ,2,5,1,1,3, , ,1,2,2,2,2,1,2,2,2, , , , ,5, , , ,2, ,2, ,2, ,2, ,5,2, ,2,2,2,2,2,2,10,7,4, , , , , , , , , ,0, , ,1,1,3.08797287940979
2022,01,07102,3,0109,1,7,4,202201071023010917,01,1,3,1,2, ,2,10, , , , , , , , , , , , , , , , , , , , , , , , , , , , , , , , , , , , , , , , , , , , , , , , , , , , , , , , , , , , , , , , , , , , , , , , , , , , , , , , , , , , , , , , , , , , , , , , , , , , , , , , , , , ,0, , ,1, , 
2022,01,07102,3,0111,1,1,4,202201071023011111,01,1,1,1,2, ,2,91,1,1,2,8,1930,2,2,2,2,2,2,2,2,2,2,2,2,2,2,2, , , , , , , , , , , , , , , , , , , , , , , , , , , , , , , , , , ,2,5,2, , , , ,1,2,2,2,2,1,2,2,2, , , , ,5, , , ,2, ,2, ,2, ,2, ,1, , ,2,2,2,2,1,2,10,9,4, , , , , , , , , ,0, , ,1, ,2.52495145797729
2022,01,45087,2,0056,1,1,4,202201450872005611,01,1,1,1,2, ,2,21,1,1,14,8,2000,1, , , , , , , , , , , , , , , ,5223,4711,4, ,2,2,1,3,11,0,2,0,0,2,6,21, ,21,1, ,2, ,2, , , , , , , , , , , , , , , , , ,1,2,2,2,2,1,2,2,2, , , , ,5, , , ,2, ,2, ,2, ,2, ,6,5, ,2,2,2,2,2,2,10,7,1, , , , , , , , , ,0,0,0,1,1,2.23825454711914
2022,01,45087,2,0056,1,2,4,202201450872005612,01,1,3,1,2, ,1,4, , , , , , , , , , , , , , , , , , , , , , , , , , , , , , , , , , , , , , , , , , , , , , , , , , , , , , , , , , , , , , , , , , , , , , , , , , , , , , , , , , , , , , , , , , , , , , , , , , , , , , , , , , , ,0, , ,1, , 
2022,01,45087,2,0056,1,3,4,202201450872005613,01,1,7,1,2, ,2,19,3,3,22,12,2002,2,2,2,2,2,2,2,2,2,2,2,2,2,2,2, , , , , , , , , , , , , , , , , , , , , , , , , , , , , , , , , , ,2,4,2, , , , ,2,2,2,2,2,1,2,2,2, , , , ,5, , , ,2, ,2, ,2, ,2, ,6,5, ,2,2,2,2,2,2,10,7,4, , , , , , , , , ,0, , ,1, ,1.84616219997406
2022,01,45087,2,0058,1,1,4,202201450872005811,01,1,1,1,2, ,2,49,1,1,29,1,1972,1, , , , , , , , , , , , , , , ,9412,5610,3,5,3,2,1,2,0,5,5,5,5,5,5,30, ,30,1, ,1,1,1,1,4,450, , , , , , , , , , , , , , ,1,2,2,2,2,1,2,2,2, , , , ,5, , , ,2, ,2, ,2, ,2, ,4,5, ,2,2,2,2,2,2,10,7,1,450, , , , , , , , ,450,450,450,1,1,1.49605417251587
2022,01,45087,2,0058,1,2,4,202201450872005812,01,1,2,1,2, ,1,51,2,2,2,3,1970,1, , , , , , , , , , , , , , , ,9313,4100,3,5,3,2,1,4,0,8,7,8,8,7,8,46, ,46,1, ,2, ,2,2,2,300, , , , , , , , , , , , , , ,1,2,2,2,2,1,2,2,2, , , , ,5, , , ,2, ,2, ,2, ,2, ,3,4, ,2,2,2,2,2,2,10,7,1,1299, , , , , , , , ,1299,1299,1299,1,1,1.7228786945343
2022,01,45087,2,0058,1,3,4,202201450872005813,01,1,3,1,2, ,1,26,3,3,23,6,1995,2,2,2,2,2,2,2,2,2,2,2,2,2,2,2, , , , , , , , , , , , , , , , , , , , , , , , , , , , , , , , , , ,2,7,1,2, , , ,1,2,2,2,2,1,2,2,2, , , , ,5, , , ,2, ,2, ,2, ,2, ,6,5, ,2,2,2,2,2,2,10,7,4, , , , , , , , , ,0, , ,1, ,1.71121907234192
2022,01,45087,2,0058,1,4,4,202201450872005814,01,1,3,1,2, ,1,18,4,4,2,11,2003,1, , , , , , , , , , , , , , , ,9333,4923,3,5,1, ,1,5,0,0,2,0,0,0,0,2, ,2,1, ,1,1,1,2,2,40, , , , , , , , , , , , , , ,1,2,2,2,2,1,2,2,2, , , , ,5, , , ,2, ,2, ,2, ,2, ,8,1, ,2,2,2,2,2,2,10,7,1,173, , , , , , , , ,173,173,173,1,1,1.82964885234833
2022,01,45087,2,0060,1,1,4,202201450872006011,01,1,1,1,2, ,2,35,1,1,29,9,1986,2,1, , , , , , , , , , , , , , ,2342,8510,3,2, , ,5,2000,0,0,0,0,0,0,0,0, ,38,2,38,2, ,2,2,4,3030, , , , , , , , , , , , , , ,2,1,2,2,2,2,2,2,2,1, , , , , , , ,2, ,1,1,2, ,2, ,9,5, ,2,2,2,2,2,2,10,8,1,3030, , , , , , , ,50,3030,3030,3080,1,2,1.41014111042023
2022,01,45087,2,0060,1,2,4,202201450872006012,01,1,3,1,2, ,1,14,2,2,17,6,2007,2,2,2,2,2,2,2,2,2,2,2,2,2,2,2, , , , , , , , , , , , , , , , , , , , , , , , , , , , , , , , , , ,2,5,2, , , , ,2,1,2,2,2,2,2,2,2,4, , , , , , , ,2, ,2, ,2, ,2, ,5,2, ,2,2,2,2,2,2,10,9,4, , , , , , , , , ,0, , ,1, ,1.50913512706757
2022,01,45087,2,0060,1,3,4,202201450872006013,01,1,3,1,2, ,2,11, , , , , , , , , , , , , , , , , , , , , , , , , , , , , , , , , , , , , , , , , , , , , , , , , , , , , , , , , , , , , , , , , , , , , , , , , , , , , , , , , , , , , , , , , , , , , , , , , , , , , , , , , , , ,0, , ,1, , 
2022,01,45087,2,0060,1,4,4,202201450872006014,01,1,3,1,2, ,1,6, , , , , , , , , , , , , , , , , , , , , , , , , , , , , , , , , , , , , , , , , , , , , , , , , , , , , , , , , , , , , , , , , , , , , , , , , , , , , , , , , , , , , , , , , , , , , , , , , , , , , , , , , , , ,0, , ,1, , 
2022,01,45087,2,0063,1,1,4,202201450872006311,01,1,1,1,2, ,2,33,1,1,2,1,1989,1, , , , , , , , , , , , , , , ,9333,4923,3,5,3,2,1,4,0,0,0,0,0,8,0,8,3,11,2,19,1,1,1,1,2,45, , , ,90, , , , , , , , , , ,1,2,2,2,2,1,2,2,2, , , , ,5, , , ,2, ,2, ,2, ,2, ,4, ,6,2,2,2,2,2,2,10,7,1,195, , , ,90, , , , ,285,195,285,1,1,1.8550021648407
2022,01,45087,2,0063,1,2,4,202201450872006312,01,1,3,1,2, ,2,16,2,2,20,3,2005,2,2,2,2,2,2,2,2,2,2,2,2,2,2,2, , , , , , , , , , , , , , , , , , , , , , , , , , , , , , , , , , ,2,5,2, , , , ,2,2,2,2,2,1,2,2,2, , , , ,5, , , ,2, ,2, ,2, ,2, ,5,3, ,2,2,2,2,2,2,10,9,4, , , , , , , , , ,0, , ,1, ,1.84616219997406
2022,01,45087,2,0063,1,3,4,202201450872006313,01,1,3,1,2, ,2,13, , , , , , , , , , , , , , , , , , , , , , , , , , , , , , , , , , , , , , , , , , , , , , , , , , , , , , , , , , , , , , , , , , , , , , , , , , , , , , , , , , , , , , , , , , , , , , , , , , , , , , , , , , , ,0, , ,1, , 
2022,01,45087,2,0063,1,4,4,202201450872006314,01,1,3,1,2, ,2,8, , , , , , , , , , , , , , , , , , , , , , , , , , , , , , , , , , , , , , , , , , , , , , , , , , , , , , , , , , , , , , , , , , , , , , , , , , , , , , , , , , , , , , , , , , , , , , , , , , , , , , , , , , , ,0, , ,1, , 
2022,01,45087,2,0063,1,5,4,202201450872006315,01,1,3,1,2, ,1,5, , , , , , , , , , , , , , , , , , , , , , , , , , , , , , , , , , , , , , , , , , , , , , , , , , , , , , , , , , , , , , , , , , , , , , , , , , , , , , , , , , , , , , , , , , , , , , , , , , , , , , , , , , , ,0, , ,1, , 
2022,01,06609,1,0007,1,1,4,202201066091000711,01,1,1,1,2, ,1,75,1,1,29,11,1946,2,2,2,2,2,2,2,2,2,2,2,2,2,2,2, , , , , , , , , , , , , , , , , , , , , , , , , , , , , , , , , , ,2,6,2, , , , ,1,1,2,2,2,2,2,2,2,3, , , , , , , ,2, ,1,3,2, ,2, ,8,1, ,2,2,2,2,2,2,10,7,4, , , , , , , , , ,0, , ,1, ,137.272994995117
2022,01,06609,1,0007,1,2,4,202201066091000712,01,1,2,1,2, ,2,66,2,2,25,9,1955,2,2,2,2,2,2,2,2,2,2,2,2,2,2,2, , , , , , , , , , , , , , , , , , , , , , , , , , , , , , , , , , ,2,6,2, , , , ,1,1,2,2,2,2,2,2,2,3, , , , , , , ,2, ,2, ,1,3,2, ,9,3, ,2,2,2,2,1,2,10,7,4, , , , , , , , , ,0, , ,1, ,143.265151977539
2022,01,06609,1,0007,1,3,4,202201066091000713,01,1,3,1,2, ,2,43,3,3,25,11,1978,2,2,2,2,2,2,2,2,2,2,2,2,2,2,2, , , , , , , , , , , , , , , , , , , , , , , , , , , , , , , , , , ,1, , , , ,3,3,1,2,2,2,2,1,2,2,2, , , , ,5, , , ,2, ,2, ,2, ,2, ,11,5, ,2,2,2,2,2,2,10,7,2, , , , , , , , , ,0, , ,1, ,169.423110961914
2022,01,06609,1,0007,1,4,4,202201066091000714,01,1,5,1,2, ,1,15,4,4,11,8,2006,2,2,2,2,2,2,2,2,2,2,2,2,2,2,2, , , , , , , , , , , , , , , , , , , , , , , , , , , , , , , , , , ,2,5,2, , , , ,2,2,2,2,2,1,2,2,2, , , , ,5, , , ,2, ,2, ,2, ,2, ,5,3, ,2,2,2,2,2,2,10,7,4, , , , , , , , , ,0, , ,1, ,301.255615234375
2022,01,06609,1,0008,1,1,4,202201066091000811,01,1,1,1,2, ,2,45,1,1,24,7,1976,1, , , , , , , , , , , , , , , ,5212,4772,3,5,1, ,1,10,8,8,8,8,0,8,8,48, ,48,1, ,1,1,1,1,4,1023, , , , , , , , , , , , , , ,1,1,2,2,2,2,2,2,2,1, , , , , , , ,1,1,2, ,2, ,2, ,9,3, ,2,2,2,2,2,2,10,7,1,1023, , , , , , , ,250,1023,1023,1273,1,2,164.721374511719
2022,01,06609,1,0008,1,2,4,202201066091000812,01,1,3,1,2, ,1,23,2,2,20,7,1998,2,2,2,2,2,2,2,2,2,2,2,2,2,2,2, , , , , , , , , , , , , , , , , , , , , , , , , , , , , , , , , , ,2,8,1,2, , , ,1,2,2,2,2,1,2,2,2, , , , ,5, , , ,2, ,2, ,2, ,2, ,6,5, ,2,2,2,2,2,2,10,3,4, , , , , , , , , ,0, , ,1, ,301.255615234375
2022,01,06609,1,0008,1,3,4,202201066091000813,01,1,3,1,2, ,2,16,3,3,24,9,2005,2,2,2,2,2,2,2,2,2,2,2,2,2,2,2, , , , , , , , , , , , , , , , , , , , , , , , , , , , , , , , , , ,2,5,2, , , , ,2,1,2,2,2,2,2,2,2,4, , , , , , , ,2, ,2, ,2, ,2, ,5,4, ,2,2,2,2,2,2,10,3,4, , , , , , , , , ,0, , ,1, ,192.696670532227
2022,01,06609,1,0008,1,4,4,202201066091000814,01,1,6,2, ,2,2,63, , , , , , , , , , , , , , , , , , , , , , , , , , , , , , , , , , , , , , , , , , , , , , , , , , , , , , , , , , , , , , , , , , , , , , , , , , , , , , , , , , , , , , , , , , , , , , , , , , , , , , , , , , , ,0, , ,0, , 
2022,01,06609,1,0008,1,5,4,202201066091000815,01,1,7,2, ,2,1,39, , , , , , , , , , , , , , , , , , , , , , , , , , , , , , , , , , , , , , , , , , , , , , , , , , , , , , , , , , , , , , , , , , , , , , , , , , , , , , , , , , , , , , , , , , , , , , , , , , , , , , , , , , , ,0, , ,0, , 
2022,01,06609,1,0009,1,1,4,202201066091000911,01,1,1,1,2, ,1,32,1,1,10,4,1989,1, , , , , , , , , , , , , , , ,2212,8610,3,2, , ,5,9998,0,12,12,12,0,0,12,48, ,48,1, ,1,1,1,2,4,5000, , , , , , , , , , , , , , ,1,1,2,2,2,2,2,2,2,1, , , , , , , ,2, ,1,1,2, ,2, ,11,7, ,2,2,2,2,2,2,10,7,1,5000, , , , , , , ,75,5000,5000,5075,1,2,286.129241943359
2022,01,06609,1,0009,1,2,4,202201066091000912,01,1,2,1,2, ,2,34,2,2,2,9,1987,1, , , , , , , , , , , , , , , ,2212,8610,3,2, , ,5,9998,0,12,12,6,0,12,12,54, ,54,1, ,1,1,1,2,4,6000, , , , , , , , , , , , , , ,1,1,2,2,2,2,2,2,2,1, , , , , , , ,2, ,1,1,2, ,2, ,11,6, ,2,2,2,2,2,2,10,7,1,6000, , , , , , , ,50,6000,6000,6050,1,2,189.444137573242
2022,01,06609,1,0009,1,3,4,202201066091000913,01,1,3,1,2, ,2,8, , , , , , , , , , , , , , , , , , , , , , , , , , , , , , , , , , , , , , , , , , , , , , , , , , , , , , , , , , , , , , , , , , , , , , , , , , , , , , , , , , , , , , , , , , , , , , , , , , , , , , , , , , , ,0, , ,1, , 
2022,01,06609,1,0009,1,4,4,202201066091000914,01,1,3,1,2, ,2,0, , , , , , , , , , , , , , , , , , , , , , , , , , , , , , , , , , , , , , , , , , , , , , , , , , , , , , , , , , , , , , , , , , , , , , , , , , , , , , , , , , , , , , , , , , , , , , , , , , , , , , , , , , , ,0, , ,1, , 
2022,01,06609,1,0011,1,1,4,202201066091001111,01,1,1,1,2, ,1,45,1,1,27,3,1976,2,1, , , , , , , , , , , , , , ,2341,8510,3,2, , ,5,9998,0,0,0,0,0,0,0,0,12,62,2,50,1,1,1,2,4,2800, , , , ,2000, , , , , , , , , ,1,1,2,2,2,2,2,2,2,1, , , , , , , ,1,1,2, ,2, ,2, ,9,5, ,2,2,2,2,2,2,10,7,1,2800, , , , ,2000, , ,75,4800,2800,4875,1,2,157.831802368164
2022,01,06609,1,0011,1,2,4,202201066091001112,01,1,3,1,2, ,1,13, , , , , , , , , , , , , , , , , , , , , , , , , , , , , , , , , , , , , , , , , , , , , , , , , , , , , , , , , , , , , , , , , , , , , , , , , , , , , , , , , , , , , , , , , , , , , , , , , , , , , , , , , , , ,0, , ,1, , 
2022,01,06609,1,0011,1,3,4,202201066091001113,01,1,3,1,2, ,2,8, , , , , , , , , , , , , , , , , , , , , , , , , , , , , , , , , , , , , , , , , , , , , , , , , , , , , , , , , , , , , , , , , , , , , , , , , , , , , , , , , , , , , , , , , , , , , , , , , , , , , , , , , , , ,0, , ,1, , 
2022,01,06609,1,0011,1,4,4,202201066091001114,01,1,3,1,2, ,2,6, , , , , , , , , , , , , , , , , , , , , , , , , , , , , , , , , , , , , , , , , , , , , , , , , , , , , , , , , , , , , , , , , , , , , , , , , , , , , , , , , , , , , , , , , , , , , , , , , , , , , , , , , , , ,0, , ,1, , 
2022,01,06892,1,0064,1,1,5,202201068921006411,01,1,1,1,2, ,1,56,1,1,12,11,1965,1, , , , , , , , , , , , , , , ,6114,0150,2, ,3,2,1,4,0,7,7,7,8,3,5,37, ,37,1, ,1,1,1,2, , , , , , , , , , , , , , , , ,1,2,2,2,2,1,2,2,2, , , , ,5, , , ,2, ,2, ,2, ,2, ,4,5, ,2,2,2,2,2,2,10,3,1, , ,291,26, , , , , ,317,317,317,1,1,152.779052734375
2022,01,06892,1,0064,1,2,5,202201068921006412,01,1,2,1,2, ,2,59,2,2,3,2,1962,1, , , , , , , , , , , , , , , ,6122,0146,2, ,3,2,1,2,1,1,3,1,1,1,1,9,30,39,1, ,2, ,2,2, , , , , , , , , , , , , , , , ,2,2,2,2,2,1,2,2,2, , , , ,5, , , ,2, ,2, ,2, ,2, ,4,5, ,2,2,2,2,2,2,10,3,1, , ,262,23, , , , , ,285,285,285,1,1,159.448059082031
2022,01,06892,1,0064,1,3,5,202201068921006413,01,1,3,1,2, ,2,36,3,3,19,2,1985,2,2,2,2,2,2,2,2,2,2,2,2,1,2,2, ,9211,0146,4, ,3,2,1,2,1,1,1,1,1,1,1,7, , ,1, ,2, , , , , , , , , , , , ,2,5,1,2, , , ,2,2,2,2,2,1,2,2,2, , , , ,5, , , ,2, ,2, ,2, ,2, ,4, ,6,2,2,2,2,2,2,10,3,4, , , , , , , , , ,0, , ,1,1,154.469619750977
2022,01,06892,1,0064,1,4,5,202201068921006414,01,1,5,1,2, ,2,13, , , , , , , , , , , , , , , , , , , , , , , , , , , , , , , , , , , , , , , , , , , , , , , , , , , , , , , , , , , , , , , , , , , , , , , , , , , , , , , , , , , , , , , , , , , , , , , , , , , , , , , , , , , ,0, , ,1, , 
2022,01,06892,1,0064,1,5,5,202201068921006415,01,1,3,2, ,1,1,29,5,5,4,5,1992,2,2,2,2,2,2,2,2,2,2,2,2,2,2,1, ,9211,0113,4, ,3,2,1,2,0,6,6,7,7,7,5,38, ,38,1, ,2, ,2, , , , , , , , , , , , , , , , , ,1,2,2,2,2,1,2,2,2, , , , ,5, , , ,2, ,1,5,2, ,2, ,4, ,6,2,2,2,2,2,2,10,3,1, , , , , , , , , ,0,0,0,1,1,276.96923828125
2022,01,06892,1,0064,1,6,5,202201068921006416,01,1,4,2, ,1,2,28,6,6,29,11,1993,1, , , , , , , , , , , , , , , ,9211,0150,4, ,3,2,1,4,0,5,5,6,5,4,5,30, ,30,1, ,2, ,2, , , , , , , , , , , , , , , , , ,1,2,2,2,2,1,2,2,2, , , , ,5, , , ,2, ,2, ,2, ,2, ,5,4, ,2,2,2,2,2,2,10,7,1, , , , , , , , , ,0,0,0,1,1,183.379364013672
2022,01,06892,1,0064,1,7,5,202201068921006417,01,1,5,2, ,1,1,0, , , , , , , , , , , , , , , , , , , , , , , , , , , , , , , , , , , , , , , , , , , , , , , , , , , , , , , , , , , , , , , , , , , , , , , , , , , , , , , , , , , , , , , , , , , , , , , , , , , , , , , , , , , ,0, , ,1, , 
2022,01,06892,1,0070,1,1,5,202201068921007011,01,1,1,1,2, ,2,31,1,1,26,2,1990,2,2,2,1,2,2,2,2,2,2,2,2,2,2,2, ,6114,0150,2, ,3,2,1,2,0,3,3,0,3,4,0,13, ,13,1, ,1,2,2,2, , , , , , , , , , , , , , , , ,1,2,2,2,2,1,2,2,2, , , , ,5, , , ,2, ,2, ,2, ,2, ,9,3, ,2,2,2,2,2,2,10,7,1, , ,266, , , , , , ,266,266,266,1,1,183.379364013672
2022,01,06892,1,0070,1,2,5,202201068921007012,01,1,3,1,2, ,2,15,2,2,22,6,2006,2,2,2,2,2,2,2,2,2,2,2,2,1,2,2, ,9211,0150,4, ,3,2,1,2,0,3,3,0,3,0,0,9, , ,1, ,2, , , , , , , , , , , , ,2,4,2, , , , ,2,2,2,2,2,1,2,2,2, , , , ,5, , , ,2, ,2, ,2, ,2, ,5,1, ,2,2,2,2,2,2,10,7,4, , , , , , , , , ,0, , ,1,1,180.653121948242
2022,01,06892,1,0071,1,1,5,202201068921007111,01,1,1,1,2, ,2,91,1,1,20,7,1930,2,2,2,2,2,2,2,2,2,2,2,2,2,2,2, , , , , , , , , , , , , , , , , , , , , , , , , , , , , , , , , , ,2,7,2, , , , ,1,2,2,2,2,1,2,2,2, , , , ,5, , , ,2, ,2, ,2, ,2, ,1, , ,1,1,2,1,2,2,10,7,4, , , , , , , , , ,0, , ,1, ,134.311080932617
2022,01,06955,1,0167,1,1,6,202201069551016711,01,2,1,1,2, ,1,43,1,1,28,2,1978,1, , , , , , , , , , , , , , , ,6112,0127,2, ,3,2,1,2,0,8,5,0,0,0,0,13, ,13,2,35,2, ,2,2, , , , , , , , , , , , , , , , ,1,2,2,2,2,1,2,2,2, , , , ,5, , , ,2, ,2, ,2, ,2, ,6,5, ,2,2,2,2,2,2,10,7,1, , ,717,50, , , , , ,767,767,767,1,1,139.222045898438
2022,01,06955,1,0167,1,2,6,202201069551016712,01,2,2,1,2, ,2,42,2,2,6,9,1979,1, , , , , , , , , , , , , , , ,5212,4711,2, ,3,2,1,1,5,7,3,0,0,0,0,15, ,15,2,40,2, ,2,2, , , , , , , , , , , , , , , , ,1,2,2,2,2,1,2,2,2, , , , ,5, , , ,2, ,2, ,2, ,2, ,5,1, ,2,2,2,2,2,2,10,7,1, , ,433,433, , , , , ,866,866,866,1,1,114.052223205566
2022,01,06955,1,0167,1,3,6,202201069551016713,01,2,3,1,2, ,1,15,3,3,5,6,2006,1, , , , , , , , , , , , , , , ,9211,0127,4, ,3,2,1,2,0,8,5,0,0,0,0,13, , ,2,35,2, , , , , , , , , , , , ,2,8,2, , , , ,2,2,2,2,2,1,2,2,2, , , , ,5, , , ,2, ,2, ,2, ,2, ,5,4, ,2,2,2,2,2,2,10,7,4, , , , , , , , , ,0, , ,1,1,224.079559326172
2022,01,06955,1,0169,1,1,6,202201069551016911,01,2,1,1,2, ,1,42,1,1,29,5,1979,1, , , , , , , , , , , , , , , ,6111,0111,2, ,3,2,1,3,0,7,7,7,7,7,7,42, ,42,1, ,2, ,2,2, , , , , , , , , , , , , , , , ,1,2,2,2,2,1,2,2,2, , , , ,5, , , ,2, ,2, ,2, ,2, ,6,5, ,2,2,2,2,2,2,10,7,1, , ,74,83, , , , , ,157,157,157,1,1,139.222045898438
2022,01,06955,1,0169,1,2,6,202201069551016912,01,2,2,1,2, ,2,40,2,2,27,1,1981,1, , , , , , , , , , , , , , , ,9211,0111,4, ,3,2,1,4,0,4,4,4,4,4,4,24, ,24,1, ,2, ,2, , , , , , , , , , , , , , , , , ,1,2,2,2,2,1,2,2,2, , , , ,5, , , ,2, ,2, ,2, ,2, ,6,5, ,2,2,2,2,2,2,10,7,1, , , , , , , , , ,0,0,0,1,1,114.052223205566
2022,01,06955,1,0169,1,3,6,202201069551016913,01,2,3,1,2, ,1,17,3,3,21,3,2004,1, , , , , , , , , , , , , , , ,9211,0111,4, ,3,2,1,3,0,7,7,7,7,7,7,42, ,42,1, ,2, ,2, , , , , , , , , , , , , , , , , ,2,2,2,2,2,1,2,2,2, , , , ,5, , , ,2, ,2, ,2, ,2, ,6,5, ,2,2,2,2,2,2,10,7,1, , , , , , , , , ,0,0,0,1,1,190.462860107422
2022,01,06955,1,0169,1,4,6,202201069551016914,01,2,3,1,2, ,2,15,4,4,8,5,2006,1, , , , , , , , , , , , , , , ,9211,0111,4, ,3,2,1,3,0,0,8,8,0,8,0,24, ,24,1, ,2, ,2, , , , , , , , , , , , , , , , , ,2,2,2,2,2,1,2,2,2, , , , ,5, , , ,2, ,2, ,2, ,2, ,5,4, ,2,2,2,2,2,2,10,7,1, , , , , , , , , ,0,0,0,1,1,148.191879272461
2022,01,06955,1,0169,1,5,6,202201069551016915,01,2,3,1,2, ,1,4, , , , , , , , , , , , , , , , , , , , , , , , , , , , , , , , , , , , , , , , , , , , , , , , , , , , , , , , , , , , , , , , , , , , , , , , , , , , , , , , , , , , , , , , , , , , , , , , , , , , , , , , , , , ,0, , ,1, , 
2022,01,06955,1,0172,1,1,6,202201069551017211,01,2,1,1,2, ,1,52,1,1,31,12,1969,1, , , , , , , , , , , , , , , ,9129,8411,3,2, , ,5,7500,0,7,7,7,7,7,0,35,8,43,1, ,2, ,2,2,4,1200, , , , ,200, ,60, , , , , , , ,1,1,2,2,2,2,2,2,2,1, , , , , , , ,2, ,1,1,2, ,2, ,5,2, ,2,2,2,2,2,2,10,7,1,1200, , , , ,200, ,60,50,1460,1200,1510,1,2,64.6989059448242
2022,01,06955,1,0172,1,2,6,202201069551017212,01,2,2,1,2, ,2,43,2,2,15,6,1978,1, , , , , , , , , , , , , , , ,9211,0127,4, ,3,2,1,3,0,0,0,0,0,0,8,8, , ,2,24,2, , , , , , , , , , , , ,2,5,1,2, , , ,1,1,2,2,2,2,2,2,2,4, , , , , , , ,2, ,2, ,2, ,2, ,3, ,5,2,2,2,2,2,2,10,7,4, , , , , , , , , ,0, , ,1,1,134.182434082031
2022,01,06955,1,0172,1,3,6,202201069551017213,01,2,3,1,2, ,1,13, , , , , , , , , , , , , , , , , , , , , , , , , , , , , , , , , , , , , , , , , , , , , , , , , , , , , , , , , , , , , , , , , , , , , , , , , , , , , , , , , , , , , , , , , , , , , , , , , , , , , , , , , , , ,0, , ,1, , 
